,model_name,frame_number,people,error,perc_error,time,filter,model_name_true,people_true
0,ssd_mobilenet_v1_ppn_coco,1.0,2,2.0,0.3333333333333333,0.07541478129713423,1.0,Ground Truth,3
1,ssd_mobilenet_v1_ppn_coco,2.0,3,1.0,0.0,0.15082956259426847,2.0,Ground Truth,3
2,ssd_mobilenet_v1_ppn_coco,3.0,3,1.0,0.0,0.22624434389140272,2.0,Ground Truth,3
3,ssd_mobilenet_v1_ppn_coco,4.0,3,1.0,0.0,0.30165912518853694,2.0,Ground Truth,3
4,ssd_mobilenet_v1_ppn_coco,5.0,3,1.0,0.0,0.3770739064856712,2.0,Ground Truth,3
5,ssd_mobilenet_v1_ppn_coco,6.0,3,1.0,0.0,0.45248868778280543,2.0,Ground Truth,3
6,ssd_mobilenet_v1_ppn_coco,7.0,3,1.0,0.0,0.5279034690799397,2.0,Ground Truth,3
7,ssd_mobilenet_v1_ppn_coco,8.0,3,1.0,0.0,0.6033182503770739,2.0,Ground Truth,3
8,ssd_mobilenet_v1_ppn_coco,9.0,3,1.0,0.0,0.6787330316742082,2.0,Ground Truth,3
9,ssd_mobilenet_v1_ppn_coco,10.0,5,1.0,0.6666666666666666,0.7541478129713424,2.0,Ground Truth,3
10,ssd_mobilenet_v1_ppn_coco,11.0,3,1.0,0.0,0.8295625942684767,2.0,Ground Truth,3
11,ssd_mobilenet_v1_ppn_coco,12.0,3,1.0,0.0,0.9049773755656109,2.0,Ground Truth,3
12,ssd_mobilenet_v1_ppn_coco,13.0,3,0.0,0.0,0.9803921568627452,3.0,Ground Truth,3
13,ssd_mobilenet_v1_ppn_coco,14.0,4,0.0,0.3333333333333333,1.0558069381598794,3.0,Ground Truth,3
14,ssd_mobilenet_v1_ppn_coco,15.0,4,0.0,0.3333333333333333,1.1312217194570136,3.0,Ground Truth,3
15,ssd_mobilenet_v1_ppn_coco,16.0,3,0.0,0.0,1.2066365007541477,3.0,Ground Truth,3
16,ssd_mobilenet_v1_ppn_coco,17.0,3,1.0,0.25,1.2820512820512822,3.0,Ground Truth,4
17,ssd_mobilenet_v1_ppn_coco,18.0,3,1.0,0.25,1.3574660633484164,3.0,Ground Truth,4
18,ssd_mobilenet_v1_ppn_coco,19.0,3,1.0,0.25,1.4328808446455505,3.0,Ground Truth,4
19,ssd_mobilenet_v1_ppn_coco,20.0,3,1.0,0.25,1.5082956259426847,3.0,Ground Truth,4
20,ssd_mobilenet_v1_ppn_coco,21.0,4,1.0,0.0,1.583710407239819,3.0,Ground Truth,4
21,ssd_mobilenet_v1_ppn_coco,22.0,3,2.0,0.4,1.6591251885369533,3.0,Ground Truth,5
22,ssd_mobilenet_v1_ppn_coco,23.0,3,2.0,0.4,1.7345399698340875,3.0,Ground Truth,5
23,ssd_mobilenet_v1_ppn_coco,24.0,4,2.0,0.2,1.8099547511312217,3.0,Ground Truth,5
24,ssd_mobilenet_v1_ppn_coco,25.0,5,2.0,0.0,1.885369532428356,3.0,Ground Truth,5
25,ssd_mobilenet_v1_ppn_coco,26.0,3,2.0,0.4,1.9607843137254903,3.0,Ground Truth,5
26,ssd_mobilenet_v1_ppn_coco,27.0,3,2.0,0.4,2.0361990950226243,3.0,Ground Truth,5
27,ssd_mobilenet_v1_ppn_coco,28.0,3,2.0,0.4,2.1116138763197587,3.0,Ground Truth,5
28,ssd_mobilenet_v1_ppn_coco,29.0,2,2.0,0.6,2.187028657616893,3.0,Ground Truth,5
29,ssd_mobilenet_v1_ppn_coco,30.0,2,2.0,0.6,2.262443438914027,3.0,Ground Truth,5
30,ssd_mobilenet_v1_ppn_coco,31.0,1,2.0,0.8,2.3378582202111615,3.0,Ground Truth,5
31,ssd_mobilenet_v1_ppn_coco,32.0,3,2.0,0.4,2.4132730015082955,3.0,Ground Truth,5
32,ssd_mobilenet_v1_ppn_coco,33.0,3,2.0,0.4,2.48868778280543,3.0,Ground Truth,5
33,ssd_mobilenet_v1_ppn_coco,34.0,4,2.0,0.2,2.5641025641025643,3.0,Ground Truth,5
34,ssd_mobilenet_v1_ppn_coco,35.0,4,2.0,0.2,2.6395173453996983,3.0,Ground Truth,5
35,ssd_mobilenet_v1_ppn_coco,36.0,2,2.0,0.6,2.7149321266968327,3.0,Ground Truth,5
36,ssd_mobilenet_v1_ppn_coco,37.0,1,2.0,0.8,2.7903469079939667,3.0,Ground Truth,5
37,ssd_mobilenet_v1_ppn_coco,38.0,2,2.0,0.6,2.865761689291101,3.0,Ground Truth,5
38,ssd_mobilenet_v1_ppn_coco,39.0,3,2.0,0.4,2.9411764705882355,3.0,Ground Truth,5
39,ssd_mobilenet_v1_ppn_coco,40.0,3,1.0,0.4,3.0165912518853695,4.0,Ground Truth,5
40,ssd_mobilenet_v1_ppn_coco,41.0,2,2.0,0.6666666666666666,3.092006033182504,4.0,Ground Truth,6
41,ssd_mobilenet_v1_ppn_coco,42.0,2,2.0,0.6666666666666666,3.167420814479638,4.0,Ground Truth,6
42,ssd_mobilenet_v1_ppn_coco,43.0,2,2.0,0.6666666666666666,3.2428355957767723,4.0,Ground Truth,6
43,ssd_mobilenet_v1_ppn_coco,44.0,4,2.0,0.3333333333333333,3.3182503770739067,4.0,Ground Truth,6
44,ssd_mobilenet_v1_ppn_coco,45.0,5,2.0,0.16666666666666666,3.3936651583710407,4.0,Ground Truth,6
45,ssd_mobilenet_v1_ppn_coco,46.0,4,2.0,0.3333333333333333,3.469079939668175,4.0,Ground Truth,6
46,ssd_mobilenet_v1_ppn_coco,47.0,4,2.0,0.3333333333333333,3.544494720965309,4.0,Ground Truth,6
47,ssd_mobilenet_v1_ppn_coco,48.0,5,2.0,0.16666666666666666,3.6199095022624435,4.0,Ground Truth,6
48,ssd_mobilenet_v1_ppn_coco,49.0,5,2.0,0.16666666666666666,3.695324283559578,4.0,Ground Truth,6
49,ssd_mobilenet_v1_ppn_coco,50.0,6,2.0,0.0,3.770739064856712,4.0,Ground Truth,6
50,ssd_mobilenet_v1_ppn_coco,51.0,5,2.0,0.16666666666666666,3.8461538461538463,4.0,Ground Truth,6
51,ssd_mobilenet_v1_ppn_coco,52.0,4,2.0,0.3333333333333333,3.9215686274509807,4.0,Ground Truth,6
52,ssd_mobilenet_v1_ppn_coco,53.0,4,2.0,0.3333333333333333,3.9969834087481146,4.0,Ground Truth,6
53,ssd_mobilenet_v1_ppn_coco,54.0,4,2.0,0.3333333333333333,4.072398190045249,4.0,Ground Truth,6
54,ssd_mobilenet_v1_ppn_coco,55.0,4,2.0,0.3333333333333333,4.1478129713423835,4.0,Ground Truth,6
55,ssd_mobilenet_v1_ppn_coco,56.0,4,2.0,0.3333333333333333,4.223227752639517,4.0,Ground Truth,6
56,ssd_mobilenet_v1_ppn_coco,57.0,4,2.0,0.3333333333333333,4.298642533936651,4.0,Ground Truth,6
57,ssd_mobilenet_v1_ppn_coco,58.0,4,2.0,0.3333333333333333,4.374057315233786,4.0,Ground Truth,6
58,ssd_mobilenet_v1_ppn_coco,59.0,3,2.0,0.5,4.44947209653092,4.0,Ground Truth,6
59,ssd_mobilenet_v1_ppn_coco,60.0,5,2.0,0.16666666666666666,4.524886877828054,4.0,Ground Truth,6
60,ssd_mobilenet_v1_ppn_coco,61.0,4,2.0,0.3333333333333333,4.600301659125188,4.0,Ground Truth,6
61,ssd_mobilenet_v1_ppn_coco,62.0,3,2.0,0.5,4.675716440422323,4.0,Ground Truth,6
62,ssd_mobilenet_v1_ppn_coco,63.0,3,2.0,0.5,4.751131221719457,4.0,Ground Truth,6
63,ssd_mobilenet_v1_ppn_coco,64.0,4,2.0,0.3333333333333333,4.826546003016591,4.0,Ground Truth,6
64,ssd_mobilenet_v1_ppn_coco,65.0,4,2.0,0.3333333333333333,4.901960784313726,4.0,Ground Truth,6
65,ssd_mobilenet_v1_ppn_coco,66.0,4,1.0,0.3333333333333333,4.97737556561086,5.0,Ground Truth,6
66,ssd_mobilenet_v1_ppn_coco,67.0,5,1.0,0.16666666666666666,5.052790346907994,5.0,Ground Truth,6
67,ssd_mobilenet_v1_ppn_coco,68.0,5,1.0,0.16666666666666666,5.128205128205129,5.0,Ground Truth,6
68,ssd_mobilenet_v1_ppn_coco,69.0,5,1.0,0.16666666666666666,5.203619909502263,5.0,Ground Truth,6
69,ssd_mobilenet_v1_ppn_coco,70.0,4,1.0,0.3333333333333333,5.279034690799397,5.0,Ground Truth,6
70,ssd_mobilenet_v1_ppn_coco,71.0,4,1.0,0.3333333333333333,5.354449472096531,5.0,Ground Truth,6
71,ssd_mobilenet_v1_ppn_coco,72.0,6,1.0,0.0,5.429864253393665,5.0,Ground Truth,6
72,ssd_mobilenet_v1_ppn_coco,73.0,4,1.0,0.3333333333333333,5.505279034690799,5.0,Ground Truth,6
73,ssd_mobilenet_v1_ppn_coco,74.0,4,1.0,0.3333333333333333,5.580693815987933,5.0,Ground Truth,6
74,ssd_mobilenet_v1_ppn_coco,75.0,4,1.0,0.3333333333333333,5.656108597285068,5.0,Ground Truth,6
75,ssd_mobilenet_v1_ppn_coco,76.0,6,1.0,0.0,5.731523378582202,5.0,Ground Truth,6
76,ssd_mobilenet_v1_ppn_coco,77.0,8,1.0,0.3333333333333333,5.806938159879336,5.0,Ground Truth,6
77,ssd_mobilenet_v1_ppn_coco,78.0,7,1.0,0.16666666666666666,5.882352941176471,5.0,Ground Truth,6
78,ssd_mobilenet_v1_ppn_coco,79.0,6,1.0,0.0,5.957767722473605,5.0,Ground Truth,6
79,ssd_mobilenet_v1_ppn_coco,80.0,6,1.0,0.0,6.033182503770739,5.0,Ground Truth,6
80,ssd_mobilenet_v1_ppn_coco,81.0,6,1.0,0.0,6.108597285067874,5.0,Ground Truth,6
81,ssd_mobilenet_v1_ppn_coco,82.0,6,1.0,0.0,6.184012066365008,5.0,Ground Truth,6
82,ssd_mobilenet_v1_ppn_coco,83.0,6,1.0,0.0,6.259426847662142,5.0,Ground Truth,6
83,ssd_mobilenet_v1_ppn_coco,84.0,5,1.0,0.16666666666666666,6.334841628959276,5.0,Ground Truth,6
84,ssd_mobilenet_v1_ppn_coco,85.0,5,1.0,0.16666666666666666,6.410256410256411,5.0,Ground Truth,6
85,ssd_mobilenet_v1_ppn_coco,86.0,6,1.0,0.0,6.4856711915535445,5.0,Ground Truth,6
86,ssd_mobilenet_v1_ppn_coco,87.0,6,1.0,0.0,6.5610859728506785,5.0,Ground Truth,6
87,ssd_mobilenet_v1_ppn_coco,88.0,5,1.0,0.16666666666666666,6.636500754147813,5.0,Ground Truth,6
88,ssd_mobilenet_v1_ppn_coco,89.0,5,1.0,0.16666666666666666,6.711915535444947,5.0,Ground Truth,6
89,ssd_mobilenet_v1_ppn_coco,90.0,4,1.0,0.3333333333333333,6.787330316742081,5.0,Ground Truth,6
90,ssd_mobilenet_v1_ppn_coco,91.0,5,1.0,0.16666666666666666,6.862745098039216,5.0,Ground Truth,6
91,ssd_mobilenet_v1_ppn_coco,92.0,6,1.0,0.0,6.93815987933635,5.0,Ground Truth,6
92,ssd_mobilenet_v1_ppn_coco,93.0,4,1.0,0.3333333333333333,7.013574660633484,5.0,Ground Truth,6
93,ssd_mobilenet_v1_ppn_coco,94.0,4,1.0,0.3333333333333333,7.088989441930618,5.0,Ground Truth,6
94,ssd_mobilenet_v1_ppn_coco,95.0,4,1.0,0.3333333333333333,7.164404223227753,5.0,Ground Truth,6
95,ssd_mobilenet_v1_ppn_coco,96.0,4,1.0,0.3333333333333333,7.239819004524887,5.0,Ground Truth,6
96,ssd_mobilenet_v1_ppn_coco,97.0,4,1.0,0.3333333333333333,7.315233785822021,5.0,Ground Truth,6
97,ssd_mobilenet_v1_ppn_coco,98.0,4,1.0,0.3333333333333333,7.390648567119156,5.0,Ground Truth,6
98,ssd_mobilenet_v1_ppn_coco,99.0,4,1.0,0.3333333333333333,7.46606334841629,5.0,Ground Truth,6
99,ssd_mobilenet_v1_ppn_coco,100.0,5,1.0,0.16666666666666666,7.541478129713424,5.0,Ground Truth,6
100,ssd_mobilenet_v1_ppn_coco,101.0,4,1.0,0.3333333333333333,7.6168929110105585,5.0,Ground Truth,6
101,ssd_mobilenet_v1_ppn_coco,102.0,8,1.0,0.3333333333333333,7.6923076923076925,5.0,Ground Truth,6
102,ssd_mobilenet_v1_ppn_coco,103.0,7,1.0,0.16666666666666666,7.7677224736048265,5.0,Ground Truth,6
103,ssd_mobilenet_v1_ppn_coco,104.0,5,1.0,0.16666666666666666,7.843137254901961,5.0,Ground Truth,6
104,ssd_mobilenet_v1_ppn_coco,105.0,4,1.0,0.3333333333333333,7.918552036199095,5.0,Ground Truth,6
105,ssd_mobilenet_v1_ppn_coco,106.0,2,1.0,0.6666666666666666,7.993966817496229,5.0,Ground Truth,6
106,ssd_mobilenet_v1_ppn_coco,107.0,2,1.0,0.6666666666666666,8.069381598793363,5.0,Ground Truth,6
107,ssd_mobilenet_v1_ppn_coco,108.0,3,1.0,0.5,8.144796380090497,5.0,Ground Truth,6
108,ssd_mobilenet_v1_ppn_coco,109.0,6,1.0,0.0,8.220211161387633,5.0,Ground Truth,6
109,ssd_mobilenet_v1_ppn_coco,110.0,5,1.0,0.16666666666666666,8.295625942684767,5.0,Ground Truth,6
110,ssd_mobilenet_v1_ppn_coco,111.0,3,1.0,0.5,8.371040723981901,5.0,Ground Truth,6
111,ssd_mobilenet_v1_ppn_coco,112.0,4,1.0,0.3333333333333333,8.446455505279035,5.0,Ground Truth,6
112,ssd_mobilenet_v1_ppn_coco,113.0,4,1.0,0.3333333333333333,8.521870286576169,5.0,Ground Truth,6
113,ssd_mobilenet_v1_ppn_coco,114.0,5,1.0,0.16666666666666666,8.597285067873303,5.0,Ground Truth,6
114,ssd_mobilenet_v1_ppn_coco,115.0,4,1.0,0.3333333333333333,8.672699849170437,5.0,Ground Truth,6
115,ssd_mobilenet_v1_ppn_coco,116.0,3,2.0,0.5714285714285714,8.748114630467573,5.0,Ground Truth,7
116,ssd_mobilenet_v1_ppn_coco,117.0,5,1.0,0.2857142857142857,8.823529411764707,6.0,Ground Truth,7
117,ssd_mobilenet_v1_ppn_coco,118.0,6,1.0,0.14285714285714285,8.89894419306184,6.0,Ground Truth,7
118,ssd_mobilenet_v1_ppn_coco,119.0,5,1.0,0.2857142857142857,8.974358974358974,6.0,Ground Truth,7
119,ssd_mobilenet_v1_ppn_coco,120.0,5,1.0,0.2857142857142857,9.049773755656108,6.0,Ground Truth,7
120,ssd_mobilenet_v1_ppn_coco,121.0,1,1.0,0.8571428571428571,9.125188536953242,6.0,Ground Truth,7
121,ssd_mobilenet_v1_ppn_coco,122.0,5,1.0,0.2857142857142857,9.200603318250376,6.0,Ground Truth,7
122,ssd_mobilenet_v1_ppn_coco,123.0,4,1.0,0.42857142857142855,9.276018099547512,6.0,Ground Truth,7
123,ssd_mobilenet_v1_ppn_coco,124.0,6,1.0,0.14285714285714285,9.351432880844646,6.0,Ground Truth,7
124,ssd_mobilenet_v1_ppn_coco,125.0,7,1.0,0.0,9.42684766214178,6.0,Ground Truth,7
125,ssd_mobilenet_v1_ppn_coco,126.0,9,1.0,0.2857142857142857,9.502262443438914,6.0,Ground Truth,7
126,ssd_mobilenet_v1_ppn_coco,127.0,8,1.0,0.14285714285714285,9.577677224736048,6.0,Ground Truth,7
127,ssd_mobilenet_v1_ppn_coco,128.0,6,1.0,0.14285714285714285,9.653092006033182,6.0,Ground Truth,7
128,ssd_mobilenet_v1_ppn_coco,129.0,9,1.0,0.2857142857142857,9.728506787330318,6.0,Ground Truth,7
129,ssd_mobilenet_v1_ppn_coco,130.0,10,0.0,0.42857142857142855,9.803921568627452,7.0,Ground Truth,7
130,ssd_mobilenet_v1_ppn_coco,131.0,8,0.0,0.14285714285714285,9.879336349924586,7.0,Ground Truth,7
131,ssd_mobilenet_v1_ppn_coco,132.0,7,0.0,0.0,9.95475113122172,7.0,Ground Truth,7
132,ssd_mobilenet_v1_ppn_coco,133.0,7,1.0,0.125,10.030165912518854,7.0,Ground Truth,8
133,ssd_mobilenet_v1_ppn_coco,134.0,8,1.0,0.0,10.105580693815988,7.0,Ground Truth,8
134,ssd_mobilenet_v1_ppn_coco,135.0,7,1.0,0.125,10.180995475113122,7.0,Ground Truth,8
135,ssd_mobilenet_v1_ppn_coco,136.0,8,1.0,0.0,10.256410256410257,7.0,Ground Truth,8
136,ssd_mobilenet_v1_ppn_coco,137.0,9,1.0,0.125,10.331825037707391,7.0,Ground Truth,8
137,ssd_mobilenet_v1_ppn_coco,138.0,10,1.0,0.25,10.407239819004525,7.0,Ground Truth,8
138,ssd_mobilenet_v1_ppn_coco,139.0,7,1.0,0.125,10.48265460030166,7.0,Ground Truth,8
139,ssd_mobilenet_v1_ppn_coco,140.0,8,1.0,0.0,10.558069381598793,7.0,Ground Truth,8
140,ssd_mobilenet_v1_ppn_coco,141.0,9,1.0,0.125,10.633484162895927,7.0,Ground Truth,8
141,ssd_mobilenet_v1_ppn_coco,142.0,7,1.0,0.125,10.708898944193063,7.0,Ground Truth,8
142,ssd_mobilenet_v1_ppn_coco,143.0,8,1.0,0.0,10.784313725490197,7.0,Ground Truth,8
143,ssd_mobilenet_v1_ppn_coco,144.0,9,1.0,0.125,10.85972850678733,7.0,Ground Truth,8
144,ssd_mobilenet_v1_ppn_coco,145.0,7,1.0,0.125,10.935143288084465,7.0,Ground Truth,8
145,ssd_mobilenet_v1_ppn_coco,146.0,9,1.0,0.125,11.010558069381599,7.0,Ground Truth,8
146,ssd_mobilenet_v1_ppn_coco,147.0,6,1.0,0.25,11.085972850678733,7.0,Ground Truth,8
147,ssd_mobilenet_v1_ppn_coco,148.0,6,0.0,0.14285714285714285,11.161387631975867,7.0,Ground Truth,7
148,ssd_mobilenet_v1_ppn_coco,149.0,8,0.0,0.14285714285714285,11.236802413273002,7.0,Ground Truth,7
149,ssd_mobilenet_v1_ppn_coco,150.0,7,0.0,0.0,11.312217194570136,7.0,Ground Truth,7
150,ssd_mobilenet_v1_ppn_coco,151.0,7,0.0,0.0,11.38763197586727,7.0,Ground Truth,7
151,ssd_mobilenet_v1_ppn_coco,152.0,7,0.0,0.0,11.463046757164404,7.0,Ground Truth,7
152,ssd_mobilenet_v1_ppn_coco,153.0,6,0.0,0.14285714285714285,11.538461538461538,7.0,Ground Truth,7
153,ssd_mobilenet_v1_ppn_coco,154.0,7,0.0,0.0,11.613876319758672,7.0,Ground Truth,7
154,ssd_mobilenet_v1_ppn_coco,155.0,8,0.0,0.14285714285714285,11.689291101055806,7.0,Ground Truth,7
155,ssd_mobilenet_v1_ppn_coco,156.0,6,0.0,0.14285714285714285,11.764705882352942,7.0,Ground Truth,7
156,ssd_mobilenet_v1_ppn_coco,157.0,7,0.0,0.0,11.840120663650076,7.0,Ground Truth,7
157,ssd_mobilenet_v1_ppn_coco,158.0,5,0.0,0.2857142857142857,11.91553544494721,7.0,Ground Truth,7
158,ssd_mobilenet_v1_ppn_coco,159.0,7,0.0,0.0,11.990950226244344,7.0,Ground Truth,7
159,ssd_mobilenet_v1_ppn_coco,160.0,9,0.0,0.2857142857142857,12.066365007541478,7.0,Ground Truth,7
160,ssd_mobilenet_v1_ppn_coco,161.0,3,0.0,0.5714285714285714,12.141779788838612,7.0,Ground Truth,7
161,ssd_mobilenet_v1_ppn_coco,162.0,4,0.0,0.42857142857142855,12.217194570135748,7.0,Ground Truth,7
162,ssd_mobilenet_v1_ppn_coco,163.0,4,0.0,0.42857142857142855,12.292609351432882,7.0,Ground Truth,7
163,ssd_mobilenet_v1_ppn_coco,164.0,7,0.0,0.0,12.368024132730016,7.0,Ground Truth,7
164,ssd_mobilenet_v1_ppn_coco,165.0,7,0.0,0.0,12.44343891402715,7.0,Ground Truth,7
165,ssd_mobilenet_v1_ppn_coco,166.0,8,0.0,0.14285714285714285,12.518853695324283,7.0,Ground Truth,7
166,ssd_mobilenet_v1_ppn_coco,167.0,8,0.0,0.14285714285714285,12.594268476621417,7.0,Ground Truth,7
167,ssd_mobilenet_v1_ppn_coco,168.0,7,0.0,0.0,12.669683257918551,7.0,Ground Truth,7
168,ssd_mobilenet_v1_ppn_coco,169.0,7,0.0,0.0,12.745098039215687,7.0,Ground Truth,7
169,ssd_mobilenet_v1_ppn_coco,170.0,6,0.0,0.14285714285714285,12.820512820512821,7.0,Ground Truth,7
170,ssd_mobilenet_v1_ppn_coco,171.0,7,0.0,0.0,12.895927601809955,7.0,Ground Truth,7
171,ssd_mobilenet_v1_ppn_coco,172.0,7,0.0,0.0,12.971342383107089,7.0,Ground Truth,7
172,ssd_mobilenet_v1_ppn_coco,173.0,7,0.0,0.0,13.046757164404223,7.0,Ground Truth,7
173,ssd_mobilenet_v1_ppn_coco,174.0,7,0.0,0.0,13.122171945701357,7.0,Ground Truth,7
174,ssd_mobilenet_v1_ppn_coco,175.0,9,0.0,0.2857142857142857,13.197586726998493,7.0,Ground Truth,7
175,ssd_mobilenet_v1_ppn_coco,176.0,9,0.0,0.2857142857142857,13.273001508295627,7.0,Ground Truth,7
176,ssd_mobilenet_v1_ppn_coco,177.0,10,0.0,0.42857142857142855,13.34841628959276,7.0,Ground Truth,7
177,ssd_mobilenet_v1_ppn_coco,178.0,8,0.0,0.14285714285714285,13.423831070889895,7.0,Ground Truth,7
178,ssd_mobilenet_v1_ppn_coco,179.0,7,0.0,0.0,13.499245852187029,7.0,Ground Truth,7
179,ssd_mobilenet_v1_ppn_coco,180.0,7,0.0,0.0,13.574660633484163,7.0,Ground Truth,7
180,ssd_mobilenet_v1_ppn_coco,181.0,6,0.0,0.14285714285714285,13.650075414781297,7.0,Ground Truth,7
181,ssd_mobilenet_v1_ppn_coco,182.0,7,0.0,0.0,13.725490196078432,7.0,Ground Truth,7
182,ssd_mobilenet_v1_ppn_coco,183.0,8,0.0,0.14285714285714285,13.800904977375566,7.0,Ground Truth,7
183,ssd_mobilenet_v1_ppn_coco,184.0,8,0.0,0.14285714285714285,13.8763197586727,7.0,Ground Truth,7
184,ssd_mobilenet_v1_ppn_coco,185.0,7,0.0,0.0,13.951734539969834,7.0,Ground Truth,7
185,ssd_mobilenet_v1_ppn_coco,186.0,6,0.0,0.14285714285714285,14.027149321266968,7.0,Ground Truth,7
186,ssd_mobilenet_v1_ppn_coco,187.0,7,0.0,0.0,14.102564102564102,7.0,Ground Truth,7
187,ssd_mobilenet_v1_ppn_coco,188.0,6,0.0,0.14285714285714285,14.177978883861236,7.0,Ground Truth,7
188,ssd_mobilenet_v1_ppn_coco,189.0,7,0.0,0.0,14.253393665158372,7.0,Ground Truth,7
189,ssd_mobilenet_v1_ppn_coco,190.0,6,0.0,0.14285714285714285,14.328808446455506,7.0,Ground Truth,7
190,ssd_mobilenet_v1_ppn_coco,191.0,5,0.0,0.2857142857142857,14.40422322775264,7.0,Ground Truth,7
191,ssd_mobilenet_v1_ppn_coco,192.0,7,0.0,0.0,14.479638009049774,7.0,Ground Truth,7
192,ssd_mobilenet_v1_ppn_coco,193.0,6,0.0,0.14285714285714285,14.555052790346908,7.0,Ground Truth,7
193,ssd_mobilenet_v1_ppn_coco,194.0,7,0.0,0.0,14.630467571644042,7.0,Ground Truth,7
194,ssd_mobilenet_v1_ppn_coco,195.0,6,0.0,0.14285714285714285,14.705882352941178,7.0,Ground Truth,7
195,ssd_mobilenet_v1_ppn_coco,196.0,5,0.0,0.2857142857142857,14.781297134238311,7.0,Ground Truth,7
196,ssd_mobilenet_v1_ppn_coco,197.0,6,0.0,0.14285714285714285,14.856711915535445,7.0,Ground Truth,7
197,ssd_mobilenet_v1_ppn_coco,198.0,5,0.0,0.2857142857142857,14.93212669683258,7.0,Ground Truth,7
198,ssd_mobilenet_v1_ppn_coco,199.0,6,0.0,0.14285714285714285,15.007541478129713,7.0,Ground Truth,7
199,ssd_mobilenet_v1_ppn_coco,200.0,7,0.0,0.0,15.082956259426847,7.0,Ground Truth,7
200,ssd_mobilenet_v1_ppn_coco,201.0,7,0.0,0.0,15.158371040723981,7.0,Ground Truth,7
201,ssd_mobilenet_v1_ppn_coco,202.0,7,0.0,0.0,15.233785822021117,7.0,Ground Truth,7
202,ssd_mobilenet_v1_ppn_coco,203.0,9,0.0,0.2857142857142857,15.309200603318251,7.0,Ground Truth,7
203,ssd_mobilenet_v1_ppn_coco,204.0,8,0.0,0.14285714285714285,15.384615384615385,7.0,Ground Truth,7
204,ssd_mobilenet_v1_ppn_coco,205.0,8,0.0,0.14285714285714285,15.460030165912519,7.0,Ground Truth,7
205,ssd_mobilenet_v1_ppn_coco,206.0,9,0.0,0.2857142857142857,15.535444947209653,7.0,Ground Truth,7
206,ssd_mobilenet_v1_ppn_coco,207.0,7,0.0,0.16666666666666666,15.610859728506787,6.0,Ground Truth,6
207,ssd_mobilenet_v1_ppn_coco,208.0,7,0.0,0.16666666666666666,15.686274509803923,6.0,Ground Truth,6
208,ssd_mobilenet_v1_ppn_coco,209.0,6,0.0,0.0,15.761689291101057,6.0,Ground Truth,6
209,ssd_mobilenet_v1_ppn_coco,210.0,5,0.0,0.16666666666666666,15.83710407239819,6.0,Ground Truth,6
210,ssd_mobilenet_v1_ppn_coco,211.0,4,0.0,0.3333333333333333,15.912518853695325,6.0,Ground Truth,6
211,ssd_mobilenet_v1_ppn_coco,212.0,5,0.0,0.16666666666666666,15.987933634992459,6.0,Ground Truth,6
212,ssd_mobilenet_v1_ppn_coco,213.0,5,0.0,0.16666666666666666,16.063348416289593,6.0,Ground Truth,6
213,ssd_mobilenet_v1_ppn_coco,214.0,7,0.0,0.16666666666666666,16.138763197586727,6.0,Ground Truth,6
214,ssd_mobilenet_v1_ppn_coco,215.0,8,0.0,0.3333333333333333,16.21417797888386,6.0,Ground Truth,6
215,ssd_mobilenet_v1_ppn_coco,216.0,6,0.0,0.0,16.289592760180994,6.0,Ground Truth,6
216,ssd_mobilenet_v1_ppn_coco,217.0,6,0.0,0.0,16.36500754147813,6.0,Ground Truth,6
217,ssd_mobilenet_v1_ppn_coco,218.0,6,0.0,0.0,16.440422322775266,6.0,Ground Truth,6
218,ssd_mobilenet_v1_ppn_coco,219.0,5,1.0,0.0,16.5158371040724,6.0,Ground Truth,5
219,ssd_mobilenet_v1_ppn_coco,220.0,5,1.0,0.0,16.591251885369534,6.0,Ground Truth,5
220,ssd_mobilenet_v1_ppn_coco,221.0,5,1.0,0.0,16.666666666666668,6.0,Ground Truth,5
221,ssd_mobilenet_v1_ppn_coco,222.0,8,1.0,0.6,16.742081447963802,6.0,Ground Truth,5
222,ssd_mobilenet_v1_ppn_coco,223.0,7,1.0,0.4,16.817496229260936,6.0,Ground Truth,5
223,ssd_mobilenet_v1_ppn_coco,224.0,8,0.0,0.3333333333333333,16.89291101055807,6.0,Ground Truth,6
224,ssd_mobilenet_v1_ppn_coco,225.0,6,0.0,0.0,16.968325791855204,6.0,Ground Truth,6
225,ssd_mobilenet_v1_ppn_coco,226.0,7,0.0,0.16666666666666666,17.043740573152338,6.0,Ground Truth,6
226,ssd_mobilenet_v1_ppn_coco,227.0,7,0.0,0.16666666666666666,17.11915535444947,6.0,Ground Truth,6
227,ssd_mobilenet_v1_ppn_coco,228.0,6,0.0,0.0,17.194570135746606,6.0,Ground Truth,6
228,ssd_mobilenet_v1_ppn_coco,229.0,7,0.0,0.16666666666666666,17.26998491704374,6.0,Ground Truth,6
229,ssd_mobilenet_v1_ppn_coco,230.0,6,0.0,0.0,17.345399698340874,6.0,Ground Truth,6
230,ssd_mobilenet_v1_ppn_coco,231.0,7,1.0,0.0,17.420814479638008,6.0,Ground Truth,7
231,ssd_mobilenet_v1_ppn_coco,232.0,5,1.0,0.2857142857142857,17.496229260935145,6.0,Ground Truth,7
232,ssd_mobilenet_v1_ppn_coco,233.0,6,1.0,0.14285714285714285,17.57164404223228,6.0,Ground Truth,7
233,ssd_mobilenet_v1_ppn_coco,234.0,6,1.0,0.14285714285714285,17.647058823529413,6.0,Ground Truth,7
234,ssd_mobilenet_v1_ppn_coco,235.0,7,1.0,0.0,17.722473604826547,6.0,Ground Truth,7
235,ssd_mobilenet_v1_ppn_coco,236.0,6,1.0,0.14285714285714285,17.79788838612368,6.0,Ground Truth,7
236,ssd_mobilenet_v1_ppn_coco,237.0,5,1.0,0.2857142857142857,17.873303167420815,6.0,Ground Truth,7
237,ssd_mobilenet_v1_ppn_coco,238.0,6,1.0,0.14285714285714285,17.94871794871795,6.0,Ground Truth,7
238,ssd_mobilenet_v1_ppn_coco,239.0,6,1.0,0.14285714285714285,18.024132730015083,6.0,Ground Truth,7
239,ssd_mobilenet_v1_ppn_coco,240.0,7,1.0,0.0,18.099547511312217,6.0,Ground Truth,7
240,ssd_mobilenet_v1_ppn_coco,241.0,6,1.0,0.14285714285714285,18.17496229260935,6.0,Ground Truth,7
241,ssd_mobilenet_v1_ppn_coco,242.0,7,1.0,0.0,18.250377073906485,6.0,Ground Truth,7
242,ssd_mobilenet_v1_ppn_coco,243.0,6,1.0,0.14285714285714285,18.32579185520362,6.0,Ground Truth,7
243,ssd_mobilenet_v1_ppn_coco,244.0,6,1.0,0.14285714285714285,18.401206636500753,6.0,Ground Truth,7
244,ssd_mobilenet_v1_ppn_coco,245.0,5,1.0,0.2857142857142857,18.47662141779789,6.0,Ground Truth,7
245,ssd_mobilenet_v1_ppn_coco,246.0,6,1.0,0.14285714285714285,18.552036199095024,6.0,Ground Truth,7
246,ssd_mobilenet_v1_ppn_coco,247.0,5,1.0,0.2857142857142857,18.627450980392158,6.0,Ground Truth,7
247,ssd_mobilenet_v1_ppn_coco,248.0,6,1.0,0.14285714285714285,18.702865761689292,6.0,Ground Truth,7
248,ssd_mobilenet_v1_ppn_coco,249.0,7,1.0,0.0,18.778280542986426,6.0,Ground Truth,7
249,ssd_mobilenet_v1_ppn_coco,250.0,7,1.0,0.0,18.85369532428356,6.0,Ground Truth,7
250,ssd_mobilenet_v1_ppn_coco,251.0,8,1.0,0.14285714285714285,18.929110105580694,6.0,Ground Truth,7
251,ssd_mobilenet_v1_ppn_coco,252.0,8,1.0,0.14285714285714285,19.004524886877828,6.0,Ground Truth,7
252,ssd_mobilenet_v1_ppn_coco,253.0,6,1.0,0.14285714285714285,19.079939668174962,6.0,Ground Truth,7
253,ssd_mobilenet_v1_ppn_coco,254.0,8,1.0,0.14285714285714285,19.155354449472096,6.0,Ground Truth,7
254,ssd_mobilenet_v1_ppn_coco,255.0,7,1.0,0.0,19.23076923076923,6.0,Ground Truth,7
255,ssd_mobilenet_v1_ppn_coco,256.0,6,1.0,0.14285714285714285,19.306184012066364,6.0,Ground Truth,7
256,ssd_mobilenet_v1_ppn_coco,257.0,7,1.0,0.0,19.381598793363498,6.0,Ground Truth,7
257,ssd_mobilenet_v1_ppn_coco,258.0,7,1.0,0.0,19.457013574660635,6.0,Ground Truth,7
258,ssd_mobilenet_v1_ppn_coco,259.0,6,1.0,0.14285714285714285,19.53242835595777,6.0,Ground Truth,7
259,ssd_mobilenet_v1_ppn_coco,260.0,7,1.0,0.0,19.607843137254903,6.0,Ground Truth,7
260,ssd_mobilenet_v1_ppn_coco,261.0,7,1.0,0.0,19.683257918552037,6.0,Ground Truth,7
261,ssd_mobilenet_v1_ppn_coco,262.0,7,1.0,0.0,19.75867269984917,6.0,Ground Truth,7
262,ssd_mobilenet_v1_ppn_coco,263.0,5,1.0,0.2857142857142857,19.834087481146305,6.0,Ground Truth,7
263,ssd_mobilenet_v1_ppn_coco,264.0,5,1.0,0.2857142857142857,19.90950226244344,6.0,Ground Truth,7
264,ssd_mobilenet_v1_ppn_coco,265.0,5,1.0,0.2857142857142857,19.984917043740573,6.0,Ground Truth,7
265,ssd_mobilenet_v1_ppn_coco,266.0,5,1.0,0.2857142857142857,20.060331825037707,6.0,Ground Truth,7
266,ssd_mobilenet_v1_ppn_coco,267.0,8,1.0,0.14285714285714285,20.13574660633484,6.0,Ground Truth,7
267,ssd_mobilenet_v1_ppn_coco,268.0,7,1.0,0.0,20.211161387631975,6.0,Ground Truth,7
268,ssd_mobilenet_v1_ppn_coco,269.0,8,1.0,0.14285714285714285,20.28657616892911,6.0,Ground Truth,7
269,ssd_mobilenet_v1_ppn_coco,270.0,8,1.0,0.14285714285714285,20.361990950226243,6.0,Ground Truth,7
270,ssd_mobilenet_v1_ppn_coco,271.0,7,1.0,0.0,20.43740573152338,6.0,Ground Truth,7
271,ssd_mobilenet_v1_ppn_coco,272.0,7,1.0,0.0,20.512820512820515,6.0,Ground Truth,7
272,ssd_mobilenet_v1_ppn_coco,273.0,7,1.0,0.0,20.58823529411765,6.0,Ground Truth,7
273,ssd_mobilenet_v1_ppn_coco,274.0,5,1.0,0.2857142857142857,20.663650075414782,6.0,Ground Truth,7
274,ssd_mobilenet_v1_ppn_coco,275.0,5,1.0,0.2857142857142857,20.739064856711916,6.0,Ground Truth,7
275,ssd_mobilenet_v1_ppn_coco,276.0,5,1.0,0.2857142857142857,20.81447963800905,6.0,Ground Truth,7
276,ssd_mobilenet_v1_ppn_coco,277.0,7,1.0,0.0,20.889894419306184,6.0,Ground Truth,7
277,ssd_mobilenet_v1_ppn_coco,278.0,6,1.0,0.14285714285714285,20.96530920060332,6.0,Ground Truth,7
278,ssd_mobilenet_v1_ppn_coco,279.0,7,1.0,0.0,21.040723981900452,6.0,Ground Truth,7
279,ssd_mobilenet_v1_ppn_coco,280.0,7,1.0,0.0,21.116138763197586,6.0,Ground Truth,7
280,ssd_mobilenet_v1_ppn_coco,281.0,7,0.0,0.16666666666666666,21.19155354449472,6.0,Ground Truth,6
281,ssd_mobilenet_v1_ppn_coco,282.0,7,0.0,0.16666666666666666,21.266968325791854,6.0,Ground Truth,6
282,ssd_mobilenet_v1_ppn_coco,283.0,6,0.0,0.0,21.34238310708899,6.0,Ground Truth,6
283,ssd_mobilenet_v1_ppn_coco,284.0,5,0.0,0.16666666666666666,21.417797888386126,6.0,Ground Truth,6
284,ssd_mobilenet_v1_ppn_coco,285.0,6,0.0,0.0,21.49321266968326,6.0,Ground Truth,6
285,ssd_mobilenet_v1_ppn_coco,286.0,6,0.0,0.0,21.568627450980394,6.0,Ground Truth,6
286,ssd_mobilenet_v1_ppn_coco,287.0,6,0.0,0.0,21.644042232277528,6.0,Ground Truth,6
287,ssd_mobilenet_v1_ppn_coco,288.0,5,0.0,0.16666666666666666,21.71945701357466,6.0,Ground Truth,6
288,ssd_mobilenet_v1_ppn_coco,289.0,6,0.0,0.0,21.794871794871796,6.0,Ground Truth,6
289,ssd_mobilenet_v1_ppn_coco,290.0,7,0.0,0.16666666666666666,21.87028657616893,6.0,Ground Truth,6
290,ssd_mobilenet_v1_ppn_coco,291.0,6,0.0,0.0,21.945701357466064,6.0,Ground Truth,6
291,ssd_mobilenet_v1_ppn_coco,292.0,7,0.0,0.16666666666666666,22.021116138763198,6.0,Ground Truth,6
292,ssd_mobilenet_v1_ppn_coco,293.0,5,0.0,0.16666666666666666,22.09653092006033,6.0,Ground Truth,6
293,ssd_mobilenet_v1_ppn_coco,294.0,5,0.0,0.16666666666666666,22.171945701357465,6.0,Ground Truth,6
294,ssd_mobilenet_v1_ppn_coco,295.0,5,0.0,0.16666666666666666,22.2473604826546,6.0,Ground Truth,6
295,ssd_mobilenet_v1_ppn_coco,296.0,5,0.0,0.16666666666666666,22.322775263951733,6.0,Ground Truth,6
296,ssd_mobilenet_v1_ppn_coco,297.0,5,0.0,0.16666666666666666,22.398190045248867,6.0,Ground Truth,6
297,ssd_mobilenet_v1_ppn_coco,298.0,6,0.0,0.0,22.473604826546005,6.0,Ground Truth,6
298,ssd_mobilenet_v1_ppn_coco,299.0,6,0.0,0.0,22.54901960784314,6.0,Ground Truth,6
299,ssd_mobilenet_v1_ppn_coco,300.0,7,0.0,0.16666666666666666,22.624434389140273,6.0,Ground Truth,6
300,ssd_mobilenet_v1_ppn_coco,301.0,6,0.0,0.0,22.699849170437407,6.0,Ground Truth,6
301,ssd_mobilenet_v1_ppn_coco,302.0,6,0.0,0.0,22.77526395173454,6.0,Ground Truth,6
302,ssd_mobilenet_v1_ppn_coco,303.0,4,0.0,0.3333333333333333,22.850678733031675,6.0,Ground Truth,6
303,ssd_mobilenet_v1_ppn_coco,304.0,3,0.0,0.5,22.92609351432881,6.0,Ground Truth,6
304,ssd_mobilenet_v1_ppn_coco,305.0,4,0.0,0.3333333333333333,23.001508295625943,6.0,Ground Truth,6
305,ssd_mobilenet_v1_ppn_coco,306.0,5,0.0,0.16666666666666666,23.076923076923077,6.0,Ground Truth,6
306,ssd_mobilenet_v1_ppn_coco,307.0,6,0.0,0.0,23.15233785822021,6.0,Ground Truth,6
307,ssd_mobilenet_v1_ppn_coco,308.0,5,0.0,0.16666666666666666,23.227752639517345,6.0,Ground Truth,6
308,ssd_mobilenet_v1_ppn_coco,309.0,5,0.0,0.16666666666666666,23.30316742081448,6.0,Ground Truth,6
309,ssd_mobilenet_v1_ppn_coco,310.0,6,0.0,0.0,23.378582202111613,6.0,Ground Truth,6
310,ssd_mobilenet_v1_ppn_coco,311.0,6,0.0,0.0,23.45399698340875,6.0,Ground Truth,6
311,ssd_mobilenet_v1_ppn_coco,312.0,6,0.0,0.0,23.529411764705884,6.0,Ground Truth,6
312,ssd_mobilenet_v1_ppn_coco,313.0,5,0.0,0.16666666666666666,23.604826546003018,6.0,Ground Truth,6
313,ssd_mobilenet_v1_ppn_coco,314.0,3,0.0,0.5,23.680241327300152,6.0,Ground Truth,6
314,ssd_mobilenet_v1_ppn_coco,315.0,3,0.0,0.5,23.755656108597286,6.0,Ground Truth,6
315,ssd_mobilenet_v1_ppn_coco,316.0,7,0.0,0.16666666666666666,23.83107088989442,6.0,Ground Truth,6
316,ssd_mobilenet_v1_ppn_coco,317.0,8,0.0,0.3333333333333333,23.906485671191554,6.0,Ground Truth,6
317,ssd_mobilenet_v1_ppn_coco,318.0,5,0.0,0.16666666666666666,23.981900452488688,6.0,Ground Truth,6
318,ssd_mobilenet_v1_ppn_coco,319.0,4,0.0,0.3333333333333333,24.057315233785822,6.0,Ground Truth,6
319,ssd_mobilenet_v1_ppn_coco,320.0,6,0.0,0.0,24.132730015082956,6.0,Ground Truth,6
320,ssd_mobilenet_v1_ppn_coco,321.0,6,0.0,0.0,24.20814479638009,6.0,Ground Truth,6
321,ssd_mobilenet_v1_ppn_coco,322.0,7,0.0,0.16666666666666666,24.283559577677224,6.0,Ground Truth,6
322,ssd_mobilenet_v1_ppn_coco,323.0,7,0.0,0.16666666666666666,24.358974358974358,6.0,Ground Truth,6
323,ssd_mobilenet_v1_ppn_coco,324.0,8,0.0,0.3333333333333333,24.434389140271495,6.0,Ground Truth,6
324,ssd_mobilenet_v1_ppn_coco,325.0,8,0.0,0.3333333333333333,24.50980392156863,6.0,Ground Truth,6
325,ssd_mobilenet_v1_ppn_coco,326.0,8,0.0,0.3333333333333333,24.585218702865763,6.0,Ground Truth,6
326,ssd_mobilenet_v1_ppn_coco,327.0,7,0.0,0.16666666666666666,24.660633484162897,6.0,Ground Truth,6
327,ssd_mobilenet_v1_ppn_coco,328.0,5,0.0,0.16666666666666666,24.73604826546003,6.0,Ground Truth,6
328,ssd_mobilenet_v1_ppn_coco,329.0,5,0.0,0.16666666666666666,24.811463046757165,6.0,Ground Truth,6
329,ssd_mobilenet_v1_ppn_coco,330.0,6,0.0,0.0,24.8868778280543,6.0,Ground Truth,6
330,ssd_mobilenet_v1_ppn_coco,331.0,7,0.0,0.16666666666666666,24.962292609351433,6.0,Ground Truth,6
331,ssd_mobilenet_v1_ppn_coco,332.0,5,0.0,0.16666666666666666,25.037707390648567,6.0,Ground Truth,6
332,ssd_mobilenet_v1_ppn_coco,333.0,7,0.0,0.16666666666666666,25.1131221719457,6.0,Ground Truth,6
333,ssd_mobilenet_v1_ppn_coco,334.0,6,0.0,0.0,25.188536953242835,6.0,Ground Truth,6
334,ssd_mobilenet_v1_ppn_coco,335.0,4,0.0,0.3333333333333333,25.26395173453997,6.0,Ground Truth,6
335,ssd_mobilenet_v1_ppn_coco,336.0,7,0.0,0.16666666666666666,25.339366515837103,6.0,Ground Truth,6
336,ssd_mobilenet_v1_ppn_coco,337.0,5,0.0,0.16666666666666666,25.41478129713424,6.0,Ground Truth,6
337,ssd_mobilenet_v1_ppn_coco,338.0,5,1.0,0.16666666666666666,25.490196078431374,5.0,Ground Truth,6
338,ssd_mobilenet_v1_ppn_coco,339.0,6,1.0,0.0,25.56561085972851,5.0,Ground Truth,6
339,ssd_mobilenet_v1_ppn_coco,340.0,7,1.0,0.16666666666666666,25.641025641025642,5.0,Ground Truth,6
340,ssd_mobilenet_v1_ppn_coco,341.0,7,1.0,0.16666666666666666,25.716440422322776,5.0,Ground Truth,6
341,ssd_mobilenet_v1_ppn_coco,342.0,6,1.0,0.0,25.79185520361991,5.0,Ground Truth,6
342,ssd_mobilenet_v1_ppn_coco,343.0,4,1.0,0.3333333333333333,25.867269984917044,5.0,Ground Truth,6
343,ssd_mobilenet_v1_ppn_coco,344.0,5,1.0,0.16666666666666666,25.942684766214178,5.0,Ground Truth,6
344,ssd_mobilenet_v1_ppn_coco,345.0,4,1.0,0.3333333333333333,26.018099547511312,5.0,Ground Truth,6
345,ssd_mobilenet_v1_ppn_coco,346.0,4,1.0,0.3333333333333333,26.093514328808446,5.0,Ground Truth,6
346,ssd_mobilenet_v1_ppn_coco,347.0,5,1.0,0.16666666666666666,26.16892911010558,5.0,Ground Truth,6
347,ssd_mobilenet_v1_ppn_coco,348.0,5,1.0,0.16666666666666666,26.244343891402714,5.0,Ground Truth,6
348,ssd_mobilenet_v1_ppn_coco,349.0,7,1.0,0.16666666666666666,26.319758672699848,5.0,Ground Truth,6
349,ssd_mobilenet_v1_ppn_coco,350.0,6,1.0,0.0,26.395173453996986,5.0,Ground Truth,6
350,ssd_mobilenet_v1_ppn_coco,351.0,3,1.0,0.5,26.47058823529412,5.0,Ground Truth,6
351,ssd_mobilenet_v1_ppn_coco,352.0,3,1.0,0.5,26.546003016591253,5.0,Ground Truth,6
352,ssd_mobilenet_v1_ppn_coco,353.0,4,1.0,0.3333333333333333,26.621417797888387,5.0,Ground Truth,6
353,ssd_mobilenet_v1_ppn_coco,354.0,4,1.0,0.3333333333333333,26.69683257918552,5.0,Ground Truth,6
354,ssd_mobilenet_v1_ppn_coco,355.0,4,1.0,0.3333333333333333,26.772247360482655,5.0,Ground Truth,6
355,ssd_mobilenet_v1_ppn_coco,356.0,3,1.0,0.5,26.84766214177979,5.0,Ground Truth,6
356,ssd_mobilenet_v1_ppn_coco,357.0,3,1.0,0.5,26.923076923076923,5.0,Ground Truth,6
357,ssd_mobilenet_v1_ppn_coco,358.0,4,1.0,0.3333333333333333,26.998491704374057,5.0,Ground Truth,6
358,ssd_mobilenet_v1_ppn_coco,359.0,6,1.0,0.0,27.07390648567119,5.0,Ground Truth,6
359,ssd_mobilenet_v1_ppn_coco,360.0,4,1.0,0.3333333333333333,27.149321266968325,5.0,Ground Truth,6
360,ssd_mobilenet_v1_ppn_coco,361.0,5,1.0,0.16666666666666666,27.22473604826546,5.0,Ground Truth,6
361,ssd_mobilenet_v1_ppn_coco,362.0,7,1.0,0.16666666666666666,27.300150829562593,5.0,Ground Truth,6
362,ssd_mobilenet_v1_ppn_coco,363.0,5,0.0,0.0,27.375565610859727,5.0,Ground Truth,5
363,ssd_mobilenet_v1_ppn_coco,364.0,7,0.0,0.4,27.450980392156865,5.0,Ground Truth,5
364,ssd_mobilenet_v1_ppn_coco,365.0,2,1.0,0.6,27.526395173454,4.0,Ground Truth,5
365,ssd_mobilenet_v1_ppn_coco,366.0,2,1.0,0.6,27.601809954751133,4.0,Ground Truth,5
366,ssd_mobilenet_v1_ppn_coco,367.0,5,1.0,0.0,27.677224736048267,4.0,Ground Truth,5
367,ssd_mobilenet_v1_ppn_coco,368.0,5,0.0,0.25,27.7526395173454,4.0,Ground Truth,4
368,ssd_mobilenet_v1_ppn_coco,369.0,5,0.0,0.25,27.828054298642535,4.0,Ground Truth,4
369,ssd_mobilenet_v1_ppn_coco,370.0,5,0.0,0.25,27.90346907993967,4.0,Ground Truth,4
370,ssd_mobilenet_v1_ppn_coco,371.0,4,0.0,0.0,27.978883861236802,4.0,Ground Truth,4
371,ssd_mobilenet_v1_ppn_coco,372.0,4,0.0,0.0,28.054298642533936,4.0,Ground Truth,4
372,ssd_mobilenet_v1_ppn_coco,373.0,4,0.0,0.0,28.12971342383107,4.0,Ground Truth,4
373,ssd_mobilenet_v1_ppn_coco,374.0,4,0.0,0.0,28.205128205128204,4.0,Ground Truth,4
374,ssd_mobilenet_v1_ppn_coco,375.0,4,0.0,0.0,28.28054298642534,4.0,Ground Truth,4
375,ssd_mobilenet_v1_ppn_coco,376.0,3,0.0,0.25,28.355957767722472,4.0,Ground Truth,4
376,ssd_mobilenet_v1_ppn_coco,377.0,5,0.0,0.25,28.43137254901961,4.0,Ground Truth,4
377,ssd_mobilenet_v1_ppn_coco,378.0,4,0.0,0.0,28.506787330316744,4.0,Ground Truth,4
378,ssd_mobilenet_v1_ppn_coco,379.0,4,0.0,0.0,28.582202111613878,4.0,Ground Truth,4
379,ssd_mobilenet_v1_ppn_coco,380.0,4,0.0,0.0,28.65761689291101,4.0,Ground Truth,4
380,ssd_mobilenet_v1_ppn_coco,381.0,4,0.0,0.0,28.733031674208146,4.0,Ground Truth,4
381,ssd_mobilenet_v1_ppn_coco,382.0,4,0.0,0.0,28.80844645550528,4.0,Ground Truth,4
382,ssd_mobilenet_v1_ppn_coco,383.0,3,0.0,0.25,28.883861236802414,4.0,Ground Truth,4
383,ssd_mobilenet_v1_ppn_coco,384.0,2,0.0,0.5,28.959276018099548,4.0,Ground Truth,4
384,ssd_mobilenet_v1_ppn_coco,385.0,4,0.0,0.0,29.03469079939668,4.0,Ground Truth,4
385,ssd_mobilenet_v1_ppn_coco,386.0,5,0.0,0.25,29.110105580693816,4.0,Ground Truth,4
386,ssd_mobilenet_v1_ppn_coco,387.0,5,0.0,0.25,29.18552036199095,4.0,Ground Truth,4
387,ssd_mobilenet_v1_ppn_coco,388.0,6,0.0,0.5,29.260935143288084,4.0,Ground Truth,4
388,ssd_mobilenet_v1_ppn_coco,389.0,3,0.0,0.25,29.336349924585218,4.0,Ground Truth,4
389,ssd_mobilenet_v1_ppn_coco,390.0,4,0.0,0.0,29.411764705882355,4.0,Ground Truth,4
390,ssd_mobilenet_v1_ppn_coco,391.0,6,1.0,0.5,29.48717948717949,3.0,Ground Truth,4
391,ssd_mobilenet_v1_ppn_coco,392.0,5,1.0,0.25,29.562594268476623,3.0,Ground Truth,4
392,ssd_mobilenet_v1_ppn_coco,393.0,5,1.0,0.25,29.638009049773757,3.0,Ground Truth,4
393,ssd_mobilenet_v1_ppn_coco,394.0,4,0.0,0.3333333333333333,29.71342383107089,3.0,Ground Truth,3
394,ssd_mobilenet_v1_ppn_coco,395.0,4,0.0,0.3333333333333333,29.788838612368025,3.0,Ground Truth,3
395,ssd_mobilenet_v1_ppn_coco,396.0,4,0.0,0.3333333333333333,29.86425339366516,3.0,Ground Truth,3
396,ssd_mobilenet_v1_ppn_coco,397.0,3,0.0,0.0,29.939668174962293,3.0,Ground Truth,3
397,ssd_mobilenet_v1_ppn_coco,398.0,3,0.0,0.0,30.015082956259427,3.0,Ground Truth,3
398,ssd_mobilenet_v1_ppn_coco,399.0,3,0.0,0.0,30.09049773755656,3.0,Ground Truth,3
399,ssd_mobilenet_v1_ppn_coco,400.0,3,0.0,0.0,30.165912518853695,3.0,Ground Truth,3
400,ssd_mobilenet_v1_ppn_coco,401.0,2,0.0,0.3333333333333333,30.24132730015083,3.0,Ground Truth,3
401,ssd_mobilenet_v1_ppn_coco,402.0,3,0.0,0.0,30.316742081447963,3.0,Ground Truth,3
402,ssd_mobilenet_v1_ppn_coco,403.0,2,0.0,0.3333333333333333,30.3921568627451,3.0,Ground Truth,3
403,ssd_mobilenet_v1_ppn_coco,404.0,2,0.0,0.3333333333333333,30.467571644042234,3.0,Ground Truth,3
404,ssd_mobilenet_v1_ppn_coco,405.0,2,1.0,0.0,30.542986425339368,3.0,Ground Truth,2
405,ssd_mobilenet_v1_ppn_coco,406.0,2,1.0,0.0,30.618401206636502,3.0,Ground Truth,2
406,ssd_mobilenet_v1_ppn_coco,407.0,2,1.0,0.0,30.693815987933636,3.0,Ground Truth,2
407,ssd_mobilenet_v1_ppn_coco,408.0,2,1.0,0.0,30.76923076923077,3.0,Ground Truth,2
408,ssd_mobilenet_v1_ppn_coco,409.0,2,1.0,0.0,30.844645550527904,3.0,Ground Truth,2
409,ssd_mobilenet_v1_ppn_coco,410.0,2,0.0,0.0,30.920060331825038,2.0,Ground Truth,2
410,ssd_mobilenet_v1_ppn_coco,411.0,2,0.0,0.0,30.995475113122172,2.0,Ground Truth,2
411,ssd_mobilenet_v1_ppn_coco,412.0,2,0.0,0.0,31.070889894419306,2.0,Ground Truth,2
412,ssd_mobilenet_v1_ppn_coco,413.0,2,0.0,0.0,31.14630467571644,2.0,Ground Truth,2
413,ssd_mobilenet_v1_ppn_coco,414.0,2,0.0,0.0,31.221719457013574,2.0,Ground Truth,2
414,ssd_mobilenet_v1_ppn_coco,415.0,2,0.0,0.0,31.297134238310708,2.0,Ground Truth,2
415,ssd_mobilenet_v1_ppn_coco,416.0,2,0.0,0.0,31.372549019607845,2.0,Ground Truth,2
416,ssd_mobilenet_v1_ppn_coco,417.0,2,0.0,0.0,31.44796380090498,2.0,Ground Truth,2
417,ssd_mobilenet_v1_ppn_coco,418.0,2,0.0,0.0,31.523378582202113,2.0,Ground Truth,2
418,ssd_mobilenet_v1_ppn_coco,419.0,2,0.0,0.0,31.598793363499247,2.0,Ground Truth,2
419,ssd_mobilenet_v1_ppn_coco,420.0,2,0.0,0.0,31.67420814479638,2.0,Ground Truth,2
420,ssd_mobilenet_v1_ppn_coco,421.0,1,0.0,0.5,31.749622926093515,2.0,Ground Truth,2
421,ssd_mobilenet_v1_ppn_coco,422.0,1,0.0,0.5,31.82503770739065,2.0,Ground Truth,2
422,ssd_mobilenet_v1_ppn_coco,423.0,1,1.0,0.6666666666666666,31.900452488687783,2.0,Ground Truth,3
423,ssd_mobilenet_v1_ppn_coco,424.0,1,1.0,0.6666666666666666,31.975867269984917,2.0,Ground Truth,3
424,ssd_mobilenet_v1_ppn_coco,425.0,2,1.0,0.3333333333333333,32.05128205128205,2.0,Ground Truth,3
425,ssd_mobilenet_v1_ppn_coco,426.0,2,1.0,0.3333333333333333,32.126696832579185,2.0,Ground Truth,3
426,ssd_mobilenet_v1_ppn_coco,427.0,2,1.0,0.3333333333333333,32.20211161387632,2.0,Ground Truth,3
427,ssd_mobilenet_v1_ppn_coco,428.0,3,1.0,0.0,32.27752639517345,2.0,Ground Truth,3
428,ssd_mobilenet_v1_ppn_coco,429.0,2,1.0,0.3333333333333333,32.35294117647059,2.0,Ground Truth,3
429,ssd_mobilenet_v1_ppn_coco,430.0,3,1.0,0.0,32.42835595776772,2.0,Ground Truth,3
430,ssd_mobilenet_v1_ppn_coco,431.0,4,1.0,0.3333333333333333,32.503770739064855,2.0,Ground Truth,3
431,ssd_mobilenet_v1_ppn_coco,432.0,3,1.0,0.0,32.57918552036199,2.0,Ground Truth,3
432,ssd_mobilenet_v1_ppn_coco,433.0,3,0.0,0.0,32.65460030165912,3.0,Ground Truth,3
433,ssd_mobilenet_v1_ppn_coco,434.0,4,0.0,0.3333333333333333,32.73001508295626,3.0,Ground Truth,3
434,ssd_mobilenet_v1_ppn_coco,435.0,4,0.0,0.3333333333333333,32.80542986425339,3.0,Ground Truth,3
435,ssd_mobilenet_v1_ppn_coco,436.0,3,0.0,0.0,32.88084464555053,3.0,Ground Truth,3
436,ssd_mobilenet_v1_ppn_coco,437.0,3,0.0,0.0,32.956259426847666,3.0,Ground Truth,3
437,ssd_mobilenet_v1_ppn_coco,438.0,3,0.0,0.0,33.0316742081448,3.0,Ground Truth,3
438,ssd_mobilenet_v1_ppn_coco,439.0,4,0.0,0.3333333333333333,33.107088989441934,3.0,Ground Truth,3
439,ssd_mobilenet_v1_ppn_coco,440.0,2,0.0,0.3333333333333333,33.18250377073907,3.0,Ground Truth,3
440,ssd_mobilenet_v1_ppn_coco,441.0,3,0.0,0.0,33.2579185520362,3.0,Ground Truth,3
441,ssd_mobilenet_v1_ppn_coco,442.0,3,0.0,0.0,33.333333333333336,3.0,Ground Truth,3
442,ssd_mobilenet_v1_ppn_coco,443.0,3,0.0,0.0,33.40874811463047,3.0,Ground Truth,3
443,ssd_mobilenet_v1_ppn_coco,444.0,3,0.0,0.0,33.484162895927604,3.0,Ground Truth,3
444,ssd_mobilenet_v1_ppn_coco,445.0,3,0.0,0.0,33.55957767722474,3.0,Ground Truth,3
445,ssd_mobilenet_v1_ppn_coco,446.0,3,0.0,0.0,33.63499245852187,3.0,Ground Truth,3
446,ssd_mobilenet_v1_ppn_coco,447.0,3,0.0,0.0,33.710407239819006,3.0,Ground Truth,3
447,ssd_mobilenet_v1_ppn_coco,448.0,3,0.0,0.0,33.78582202111614,3.0,Ground Truth,3
448,ssd_mobilenet_v1_ppn_coco,449.0,2,0.0,0.3333333333333333,33.86123680241327,3.0,Ground Truth,3
449,ssd_mobilenet_v1_ppn_coco,450.0,3,0.0,0.0,33.93665158371041,3.0,Ground Truth,3
450,ssd_mobilenet_v1_ppn_coco,451.0,3,0.0,0.0,34.01206636500754,3.0,Ground Truth,3
451,ssd_mobilenet_v1_ppn_coco,452.0,3,0.0,0.0,34.087481146304675,3.0,Ground Truth,3
452,ssd_mobilenet_v1_ppn_coco,453.0,3,0.0,0.0,34.16289592760181,3.0,Ground Truth,3
453,ssd_mobilenet_v1_ppn_coco,454.0,3,0.0,0.0,34.23831070889894,3.0,Ground Truth,3
454,ssd_mobilenet_v1_ppn_coco,455.0,3,0.0,0.0,34.31372549019608,3.0,Ground Truth,3
455,ssd_mobilenet_v1_ppn_coco,456.0,3,0.0,0.0,34.38914027149321,3.0,Ground Truth,3
456,ssd_mobilenet_v1_ppn_coco,457.0,3,0.0,0.0,34.464555052790345,3.0,Ground Truth,3
457,ssd_mobilenet_v1_ppn_coco,458.0,2,0.0,0.3333333333333333,34.53996983408748,3.0,Ground Truth,3
458,ssd_mobilenet_v1_ppn_coco,459.0,2,0.0,0.3333333333333333,34.61538461538461,3.0,Ground Truth,3
459,ssd_mobilenet_v1_ppn_coco,460.0,2,0.0,0.3333333333333333,34.69079939668175,3.0,Ground Truth,3
460,ssd_mobilenet_v1_ppn_coco,461.0,2,0.0,0.3333333333333333,34.76621417797888,3.0,Ground Truth,3
461,ssd_mobilenet_v1_ppn_coco,462.0,2,0.0,0.3333333333333333,34.841628959276015,3.0,Ground Truth,3
462,ssd_mobilenet_v1_ppn_coco,463.0,3,0.0,0.0,34.917043740573156,3.0,Ground Truth,3
463,ssd_mobilenet_v1_ppn_coco,464.0,4,1.0,0.3333333333333333,34.99245852187029,4.0,Ground Truth,3
464,ssd_mobilenet_v1_ppn_coco,465.0,5,1.0,0.6666666666666666,35.067873303167424,4.0,Ground Truth,3
465,ssd_mobilenet_v1_ppn_coco,466.0,6,1.0,1.0,35.14328808446456,4.0,Ground Truth,3
466,ssd_mobilenet_v1_ppn_coco,467.0,7,0.0,0.75,35.21870286576169,4.0,Ground Truth,4
467,ssd_mobilenet_v1_ppn_coco,468.0,6,0.0,0.5,35.294117647058826,4.0,Ground Truth,4
468,ssd_mobilenet_v1_ppn_coco,469.0,5,0.0,0.25,35.36953242835596,4.0,Ground Truth,4
469,ssd_mobilenet_v1_ppn_coco,470.0,5,0.0,0.25,35.444947209653094,4.0,Ground Truth,4
470,ssd_mobilenet_v1_ppn_coco,471.0,4,0.0,0.0,35.52036199095023,4.0,Ground Truth,4
471,ssd_mobilenet_v1_ppn_coco,472.0,5,0.0,0.25,35.59577677224736,4.0,Ground Truth,4
472,ssd_mobilenet_v1_ppn_coco,473.0,4,0.0,0.0,35.671191553544496,4.0,Ground Truth,4
473,ssd_mobilenet_v1_ppn_coco,474.0,4,0.0,0.0,35.74660633484163,4.0,Ground Truth,4
474,ssd_mobilenet_v1_ppn_coco,475.0,3,0.0,0.25,35.822021116138764,4.0,Ground Truth,4
475,ssd_mobilenet_v1_ppn_coco,476.0,3,0.0,0.25,35.8974358974359,4.0,Ground Truth,4
476,ssd_mobilenet_v1_ppn_coco,477.0,3,0.0,0.25,35.97285067873303,4.0,Ground Truth,4
477,ssd_mobilenet_v1_ppn_coco,478.0,2,0.0,0.5,36.048265460030166,4.0,Ground Truth,4
478,ssd_mobilenet_v1_ppn_coco,479.0,3,0.0,0.25,36.1236802413273,4.0,Ground Truth,4
479,ssd_mobilenet_v1_ppn_coco,480.0,4,0.0,0.0,36.199095022624434,4.0,Ground Truth,4
480,ssd_mobilenet_v1_ppn_coco,481.0,6,0.0,0.5,36.27450980392157,4.0,Ground Truth,4
481,ssd_mobilenet_v1_ppn_coco,482.0,5,0.0,0.25,36.3499245852187,4.0,Ground Truth,4
482,ssd_mobilenet_v1_ppn_coco,483.0,4,0.0,0.0,36.425339366515836,4.0,Ground Truth,4
483,ssd_mobilenet_v1_ppn_coco,484.0,2,0.0,0.5,36.50075414781297,4.0,Ground Truth,4
484,ssd_mobilenet_v1_ppn_coco,485.0,2,0.0,0.5,36.5761689291101,4.0,Ground Truth,4
485,ssd_mobilenet_v1_ppn_coco,486.0,3,0.0,0.25,36.65158371040724,4.0,Ground Truth,4
486,ssd_mobilenet_v1_ppn_coco,487.0,5,0.0,0.25,36.72699849170437,4.0,Ground Truth,4
487,ssd_mobilenet_v1_ppn_coco,488.0,5,0.0,0.25,36.802413273001505,4.0,Ground Truth,4
488,ssd_mobilenet_v1_ppn_coco,489.0,5,0.0,0.25,36.87782805429865,4.0,Ground Truth,4
489,ssd_mobilenet_v1_ppn_coco,490.0,6,0.0,0.5,36.95324283559578,4.0,Ground Truth,4
490,ssd_mobilenet_v1_ppn_coco,491.0,5,0.0,0.25,37.028657616892914,4.0,Ground Truth,4
491,ssd_mobilenet_v1_ppn_coco,492.0,5,0.0,0.25,37.10407239819005,4.0,Ground Truth,4
492,ssd_mobilenet_v1_ppn_coco,493.0,4,1.0,0.0,37.17948717948718,5.0,Ground Truth,4
493,ssd_mobilenet_v1_ppn_coco,494.0,4,1.0,0.0,37.254901960784316,5.0,Ground Truth,4
494,ssd_mobilenet_v1_ppn_coco,495.0,4,1.0,0.0,37.33031674208145,5.0,Ground Truth,4
495,ssd_mobilenet_v1_ppn_coco,496.0,4,1.0,0.0,37.405731523378584,5.0,Ground Truth,4
496,ssd_mobilenet_v1_ppn_coco,497.0,3,1.0,0.25,37.48114630467572,5.0,Ground Truth,4
497,ssd_mobilenet_v1_ppn_coco,498.0,4,1.0,0.0,37.55656108597285,5.0,Ground Truth,4
498,ssd_mobilenet_v1_ppn_coco,499.0,3,1.0,0.25,37.631975867269986,5.0,Ground Truth,4
499,ssd_mobilenet_v1_ppn_coco,500.0,3,1.0,0.25,37.70739064856712,5.0,Ground Truth,4
500,ssd_mobilenet_v1_ppn_coco,501.0,3,1.0,0.25,37.782805429864254,5.0,Ground Truth,4
501,ssd_mobilenet_v1_ppn_coco,502.0,4,1.0,0.0,37.85822021116139,5.0,Ground Truth,4
502,ssd_mobilenet_v1_ppn_coco,503.0,4,1.0,0.0,37.93363499245852,5.0,Ground Truth,4
503,ssd_mobilenet_v1_ppn_coco,504.0,4,1.0,0.0,38.009049773755656,5.0,Ground Truth,4
504,ssd_mobilenet_v1_ppn_coco,505.0,4,0.0,0.2,38.08446455505279,5.0,Ground Truth,5
505,ssd_mobilenet_v1_ppn_coco,506.0,5,0.0,0.0,38.159879336349924,5.0,Ground Truth,5
506,ssd_mobilenet_v1_ppn_coco,507.0,5,1.0,0.16666666666666666,38.23529411764706,5.0,Ground Truth,6
507,ssd_mobilenet_v1_ppn_coco,508.0,5,1.0,0.16666666666666666,38.31070889894419,5.0,Ground Truth,6
508,ssd_mobilenet_v1_ppn_coco,509.0,6,1.0,0.0,38.386123680241326,5.0,Ground Truth,6
509,ssd_mobilenet_v1_ppn_coco,510.0,6,1.0,0.0,38.46153846153846,5.0,Ground Truth,6
510,ssd_mobilenet_v1_ppn_coco,511.0,6,0.0,0.0,38.536953242835594,6.0,Ground Truth,6
511,ssd_mobilenet_v1_ppn_coco,512.0,8,0.0,0.3333333333333333,38.61236802413273,6.0,Ground Truth,6
512,ssd_mobilenet_v1_ppn_coco,513.0,8,0.0,0.3333333333333333,38.68778280542986,6.0,Ground Truth,6
513,ssd_mobilenet_v1_ppn_coco,514.0,8,0.0,0.3333333333333333,38.763197586726996,6.0,Ground Truth,6
514,ssd_mobilenet_v1_ppn_coco,515.0,7,0.0,0.16666666666666666,38.83861236802414,6.0,Ground Truth,6
515,ssd_mobilenet_v1_ppn_coco,516.0,9,0.0,0.5,38.91402714932127,6.0,Ground Truth,6
516,ssd_mobilenet_v1_ppn_coco,517.0,7,0.0,0.16666666666666666,38.989441930618405,6.0,Ground Truth,6
517,ssd_mobilenet_v1_ppn_coco,518.0,7,0.0,0.16666666666666666,39.06485671191554,6.0,Ground Truth,6
518,ssd_mobilenet_v1_ppn_coco,519.0,7,0.0,0.16666666666666666,39.14027149321267,6.0,Ground Truth,6
519,ssd_mobilenet_v1_ppn_coco,520.0,7,1.0,0.4,39.21568627450981,6.0,Ground Truth,5
520,ssd_mobilenet_v1_ppn_coco,521.0,7,1.0,0.4,39.29110105580694,6.0,Ground Truth,5
521,ssd_mobilenet_v1_ppn_coco,522.0,8,1.0,0.6,39.366515837104075,6.0,Ground Truth,5
522,ssd_mobilenet_v1_ppn_coco,523.0,7,1.0,0.4,39.44193061840121,6.0,Ground Truth,5
523,ssd_mobilenet_v1_ppn_coco,524.0,6,1.0,0.2,39.51734539969834,6.0,Ground Truth,5
524,ssd_mobilenet_v1_ppn_coco,525.0,5,1.0,0.0,39.59276018099548,6.0,Ground Truth,5
525,ssd_mobilenet_v1_ppn_coco,526.0,6,1.0,0.2,39.66817496229261,6.0,Ground Truth,5
526,ssd_mobilenet_v1_ppn_coco,527.0,5,1.0,0.0,39.743589743589745,6.0,Ground Truth,5
527,ssd_mobilenet_v1_ppn_coco,528.0,4,1.0,0.2,39.81900452488688,6.0,Ground Truth,5
528,ssd_mobilenet_v1_ppn_coco,529.0,4,0.0,0.3333333333333333,39.89441930618401,6.0,Ground Truth,6
529,ssd_mobilenet_v1_ppn_coco,530.0,5,0.0,0.16666666666666666,39.969834087481146,6.0,Ground Truth,6
530,ssd_mobilenet_v1_ppn_coco,531.0,6,0.0,0.0,40.04524886877828,6.0,Ground Truth,6
531,ssd_mobilenet_v1_ppn_coco,532.0,6,0.0,0.0,40.120663650075414,6.0,Ground Truth,6
532,ssd_mobilenet_v1_ppn_coco,533.0,5,0.0,0.16666666666666666,40.19607843137255,6.0,Ground Truth,6
533,ssd_mobilenet_v1_ppn_coco,534.0,5,0.0,0.16666666666666666,40.27149321266968,6.0,Ground Truth,6
534,ssd_mobilenet_v1_ppn_coco,535.0,5,0.0,0.16666666666666666,40.346907993966816,6.0,Ground Truth,6
535,ssd_mobilenet_v1_ppn_coco,536.0,6,0.0,0.0,40.42232277526395,6.0,Ground Truth,6
536,ssd_mobilenet_v1_ppn_coco,537.0,6,0.0,0.0,40.497737556561084,6.0,Ground Truth,6
537,ssd_mobilenet_v1_ppn_coco,538.0,6,0.0,0.0,40.57315233785822,6.0,Ground Truth,6
538,ssd_mobilenet_v1_ppn_coco,539.0,7,0.0,0.16666666666666666,40.64856711915535,6.0,Ground Truth,6
539,ssd_mobilenet_v1_ppn_coco,540.0,6,0.0,0.0,40.723981900452486,6.0,Ground Truth,6
540,ssd_mobilenet_v1_ppn_coco,541.0,6,0.0,0.0,40.79939668174962,6.0,Ground Truth,6
541,ssd_mobilenet_v1_ppn_coco,542.0,6,0.0,0.0,40.87481146304676,6.0,Ground Truth,6
542,ssd_mobilenet_v1_ppn_coco,543.0,6,0.0,0.0,40.950226244343895,6.0,Ground Truth,6
543,ssd_mobilenet_v1_ppn_coco,544.0,5,0.0,0.16666666666666666,41.02564102564103,6.0,Ground Truth,6
544,ssd_mobilenet_v1_ppn_coco,545.0,5,0.0,0.16666666666666666,41.10105580693816,6.0,Ground Truth,6
545,ssd_mobilenet_v1_ppn_coco,546.0,5,0.0,0.16666666666666666,41.1764705882353,6.0,Ground Truth,6
546,ssd_mobilenet_v1_ppn_coco,547.0,6,0.0,0.0,41.25188536953243,6.0,Ground Truth,6
547,ssd_mobilenet_v1_ppn_coco,548.0,5,0.0,0.16666666666666666,41.327300150829565,6.0,Ground Truth,6
548,ssd_mobilenet_v1_ppn_coco,549.0,6,0.0,0.0,41.4027149321267,6.0,Ground Truth,6
549,ssd_mobilenet_v1_ppn_coco,550.0,5,0.0,0.16666666666666666,41.47812971342383,6.0,Ground Truth,6
550,ssd_mobilenet_v1_ppn_coco,551.0,5,0.0,0.16666666666666666,41.55354449472097,6.0,Ground Truth,6
551,ssd_mobilenet_v1_ppn_coco,552.0,5,0.0,0.16666666666666666,41.6289592760181,6.0,Ground Truth,6
552,ssd_mobilenet_v1_ppn_coco,553.0,5,0.0,0.16666666666666666,41.704374057315235,6.0,Ground Truth,6
553,ssd_mobilenet_v1_ppn_coco,554.0,5,0.0,0.16666666666666666,41.77978883861237,6.0,Ground Truth,6
554,ssd_mobilenet_v1_ppn_coco,555.0,6,0.0,0.0,41.8552036199095,6.0,Ground Truth,6
555,ssd_mobilenet_v1_ppn_coco,556.0,4,0.0,0.3333333333333333,41.93061840120664,6.0,Ground Truth,6
556,ssd_mobilenet_v1_ppn_coco,557.0,5,0.0,0.16666666666666666,42.00603318250377,6.0,Ground Truth,6
557,ssd_mobilenet_v1_ppn_coco,558.0,5,0.0,0.16666666666666666,42.081447963800905,6.0,Ground Truth,6
558,ssd_mobilenet_v1_ppn_coco,559.0,5,0.0,0.16666666666666666,42.15686274509804,6.0,Ground Truth,6
559,ssd_mobilenet_v1_ppn_coco,560.0,4,0.0,0.3333333333333333,42.23227752639517,6.0,Ground Truth,6
560,ssd_mobilenet_v1_ppn_coco,561.0,5,0.0,0.16666666666666666,42.30769230769231,6.0,Ground Truth,6
561,ssd_mobilenet_v1_ppn_coco,562.0,5,0.0,0.16666666666666666,42.38310708898944,6.0,Ground Truth,6
562,ssd_mobilenet_v1_ppn_coco,563.0,5,0.0,0.16666666666666666,42.458521870286575,6.0,Ground Truth,6
563,ssd_mobilenet_v1_ppn_coco,564.0,6,0.0,0.0,42.53393665158371,6.0,Ground Truth,6
564,ssd_mobilenet_v1_ppn_coco,565.0,4,0.0,0.3333333333333333,42.60935143288084,6.0,Ground Truth,6
565,ssd_mobilenet_v1_ppn_coco,566.0,6,0.0,0.0,42.68476621417798,6.0,Ground Truth,6
566,ssd_mobilenet_v1_ppn_coco,567.0,5,0.0,0.16666666666666666,42.76018099547511,6.0,Ground Truth,6
567,ssd_mobilenet_v1_ppn_coco,568.0,5,0.0,0.16666666666666666,42.83559577677225,6.0,Ground Truth,6
568,ssd_mobilenet_v1_ppn_coco,569.0,6,0.0,0.0,42.911010558069385,6.0,Ground Truth,6
569,ssd_mobilenet_v1_ppn_coco,570.0,6,0.0,0.0,42.98642533936652,6.0,Ground Truth,6
570,ssd_mobilenet_v1_ppn_coco,571.0,7,0.0,0.16666666666666666,43.06184012066365,6.0,Ground Truth,6
571,ssd_mobilenet_v1_ppn_coco,572.0,7,0.0,0.16666666666666666,43.13725490196079,6.0,Ground Truth,6
572,ssd_mobilenet_v1_ppn_coco,573.0,6,0.0,0.0,43.21266968325792,6.0,Ground Truth,6
573,ssd_mobilenet_v1_ppn_coco,574.0,7,0.0,0.16666666666666666,43.288084464555055,6.0,Ground Truth,6
574,ssd_mobilenet_v1_ppn_coco,575.0,7,0.0,0.16666666666666666,43.36349924585219,6.0,Ground Truth,6
575,ssd_mobilenet_v1_ppn_coco,576.0,7,1.0,0.0,43.43891402714932,6.0,Ground Truth,7
576,ssd_mobilenet_v1_ppn_coco,577.0,7,1.0,0.0,43.51432880844646,6.0,Ground Truth,7
577,ssd_mobilenet_v1_ppn_coco,578.0,7,0.0,0.16666666666666666,43.58974358974359,6.0,Ground Truth,6
578,ssd_mobilenet_v1_ppn_coco,579.0,7,0.0,0.16666666666666666,43.665158371040725,6.0,Ground Truth,6
579,ssd_mobilenet_v1_ppn_coco,580.0,6,0.0,0.0,43.74057315233786,6.0,Ground Truth,6
580,ssd_mobilenet_v1_ppn_coco,581.0,6,0.0,0.0,43.81598793363499,6.0,Ground Truth,6
581,ssd_mobilenet_v1_ppn_coco,582.0,6,0.0,0.0,43.89140271493213,6.0,Ground Truth,6
582,ssd_mobilenet_v1_ppn_coco,583.0,6,0.0,0.0,43.96681749622926,6.0,Ground Truth,6
583,ssd_mobilenet_v1_ppn_coco,584.0,6,0.0,0.0,44.042232277526395,6.0,Ground Truth,6
584,ssd_mobilenet_v1_ppn_coco,585.0,7,0.0,0.16666666666666666,44.11764705882353,6.0,Ground Truth,6
585,ssd_mobilenet_v1_ppn_coco,586.0,5,0.0,0.16666666666666666,44.19306184012066,6.0,Ground Truth,6
586,ssd_mobilenet_v1_ppn_coco,587.0,6,0.0,0.0,44.2684766214178,6.0,Ground Truth,6
587,ssd_mobilenet_v1_ppn_coco,588.0,5,0.0,0.16666666666666666,44.34389140271493,6.0,Ground Truth,6
588,ssd_mobilenet_v1_ppn_coco,589.0,5,0.0,0.16666666666666666,44.419306184012065,6.0,Ground Truth,6
589,ssd_mobilenet_v1_ppn_coco,590.0,6,0.0,0.0,44.4947209653092,6.0,Ground Truth,6
590,ssd_mobilenet_v1_ppn_coco,591.0,6,0.0,0.0,44.57013574660633,6.0,Ground Truth,6
591,ssd_mobilenet_v1_ppn_coco,592.0,4,0.0,0.3333333333333333,44.64555052790347,6.0,Ground Truth,6
592,ssd_mobilenet_v1_ppn_coco,593.0,8,0.0,0.3333333333333333,44.7209653092006,6.0,Ground Truth,6
593,ssd_mobilenet_v1_ppn_coco,594.0,6,0.0,0.0,44.796380090497735,6.0,Ground Truth,6
594,ssd_mobilenet_v1_ppn_coco,595.0,7,0.0,0.16666666666666666,44.871794871794876,6.0,Ground Truth,6
595,ssd_mobilenet_v1_ppn_coco,596.0,7,0.0,0.16666666666666666,44.94720965309201,6.0,Ground Truth,6
596,ssd_mobilenet_v1_ppn_coco,597.0,6,0.0,0.0,45.022624434389144,6.0,Ground Truth,6
597,ssd_mobilenet_v1_ppn_coco,598.0,6,0.0,0.0,45.09803921568628,6.0,Ground Truth,6
598,ssd_mobilenet_v1_ppn_coco,599.0,8,0.0,0.3333333333333333,45.17345399698341,6.0,Ground Truth,6
599,ssd_mobilenet_v1_ppn_coco,600.0,7,0.0,0.16666666666666666,45.248868778280546,6.0,Ground Truth,6
600,ssd_mobilenet_v1_ppn_coco,601.0,7,0.0,0.16666666666666666,45.32428355957768,6.0,Ground Truth,6
601,ssd_mobilenet_v1_ppn_coco,602.0,7,0.0,0.16666666666666666,45.399698340874814,6.0,Ground Truth,6
602,ssd_mobilenet_v1_ppn_coco,603.0,6,0.0,0.0,45.47511312217195,6.0,Ground Truth,6
603,ssd_mobilenet_v1_ppn_coco,604.0,6,0.0,0.0,45.55052790346908,6.0,Ground Truth,6
604,ssd_mobilenet_v1_ppn_coco,605.0,6,0.0,0.0,45.625942684766216,6.0,Ground Truth,6
605,ssd_mobilenet_v1_ppn_coco,606.0,6,0.0,0.0,45.70135746606335,6.0,Ground Truth,6
606,ssd_mobilenet_v1_ppn_coco,607.0,7,0.0,0.16666666666666666,45.77677224736048,6.0,Ground Truth,6
607,ssd_mobilenet_v1_ppn_coco,608.0,7,0.0,0.16666666666666666,45.85218702865762,6.0,Ground Truth,6
608,ssd_mobilenet_v1_ppn_coco,609.0,7,0.0,0.16666666666666666,45.92760180995475,6.0,Ground Truth,6
609,ssd_mobilenet_v1_ppn_coco,610.0,8,0.0,0.3333333333333333,46.003016591251885,6.0,Ground Truth,6
610,ssd_mobilenet_v1_ppn_coco,611.0,6,1.0,0.14285714285714285,46.07843137254902,6.0,Ground Truth,7
611,ssd_mobilenet_v1_ppn_coco,612.0,6,1.0,0.14285714285714285,46.15384615384615,6.0,Ground Truth,7
612,ssd_mobilenet_v1_ppn_coco,613.0,7,1.0,0.0,46.22926093514329,6.0,Ground Truth,7
613,ssd_mobilenet_v1_ppn_coco,614.0,7,0.0,0.16666666666666666,46.30467571644042,6.0,Ground Truth,6
614,ssd_mobilenet_v1_ppn_coco,615.0,7,0.0,0.16666666666666666,46.380090497737555,6.0,Ground Truth,6
615,ssd_mobilenet_v1_ppn_coco,616.0,6,0.0,0.0,46.45550527903469,6.0,Ground Truth,6
616,ssd_mobilenet_v1_ppn_coco,617.0,6,0.0,0.0,46.53092006033182,6.0,Ground Truth,6
617,ssd_mobilenet_v1_ppn_coco,618.0,9,0.0,0.5,46.60633484162896,6.0,Ground Truth,6
618,ssd_mobilenet_v1_ppn_coco,619.0,10,0.0,0.6666666666666666,46.68174962292609,6.0,Ground Truth,6
619,ssd_mobilenet_v1_ppn_coco,620.0,9,0.0,0.5,46.757164404223225,6.0,Ground Truth,6
620,ssd_mobilenet_v1_ppn_coco,621.0,7,0.0,0.16666666666666666,46.832579185520366,6.0,Ground Truth,6
621,ssd_mobilenet_v1_ppn_coco,622.0,8,0.0,0.3333333333333333,46.9079939668175,6.0,Ground Truth,6
622,ssd_mobilenet_v1_ppn_coco,623.0,6,0.0,0.0,46.983408748114634,6.0,Ground Truth,6
623,ssd_mobilenet_v1_ppn_coco,624.0,6,0.0,0.0,47.05882352941177,6.0,Ground Truth,6
624,ssd_mobilenet_v1_ppn_coco,625.0,6,0.0,0.0,47.1342383107089,6.0,Ground Truth,6
625,ssd_mobilenet_v1_ppn_coco,626.0,7,0.0,0.16666666666666666,47.209653092006036,6.0,Ground Truth,6
626,ssd_mobilenet_v1_ppn_coco,627.0,5,0.0,0.16666666666666666,47.28506787330317,6.0,Ground Truth,6
627,ssd_mobilenet_v1_ppn_coco,628.0,4,0.0,0.3333333333333333,47.360482654600304,6.0,Ground Truth,6
628,ssd_mobilenet_v1_ppn_coco,629.0,4,0.0,0.3333333333333333,47.43589743589744,6.0,Ground Truth,6
629,ssd_mobilenet_v1_ppn_coco,630.0,4,0.0,0.3333333333333333,47.51131221719457,6.0,Ground Truth,6
630,ssd_mobilenet_v1_ppn_coco,631.0,4,0.0,0.3333333333333333,47.586726998491706,6.0,Ground Truth,6
631,ssd_mobilenet_v1_ppn_coco,632.0,4,0.0,0.3333333333333333,47.66214177978884,6.0,Ground Truth,6
632,ssd_mobilenet_v1_ppn_coco,633.0,5,0.0,0.16666666666666666,47.737556561085974,6.0,Ground Truth,6
633,ssd_mobilenet_v1_ppn_coco,634.0,6,0.0,0.0,47.81297134238311,6.0,Ground Truth,6
634,ssd_mobilenet_v1_ppn_coco,635.0,5,0.0,0.16666666666666666,47.88838612368024,6.0,Ground Truth,6
635,ssd_mobilenet_v1_ppn_coco,636.0,5,0.0,0.16666666666666666,47.963800904977376,6.0,Ground Truth,6
636,ssd_mobilenet_v1_ppn_coco,637.0,5,0.0,0.16666666666666666,48.03921568627451,6.0,Ground Truth,6
637,ssd_mobilenet_v1_ppn_coco,638.0,6,0.0,0.0,48.114630467571644,6.0,Ground Truth,6
638,ssd_mobilenet_v1_ppn_coco,639.0,6,0.0,0.0,48.19004524886878,6.0,Ground Truth,6
639,ssd_mobilenet_v1_ppn_coco,640.0,6,0.0,0.0,48.26546003016591,6.0,Ground Truth,6
640,ssd_mobilenet_v1_ppn_coco,641.0,6,0.0,0.0,48.340874811463046,6.0,Ground Truth,6
641,ssd_mobilenet_v1_ppn_coco,642.0,6,0.0,0.0,48.41628959276018,6.0,Ground Truth,6
642,ssd_mobilenet_v1_ppn_coco,643.0,6,0.0,0.0,48.49170437405731,6.0,Ground Truth,6
643,ssd_mobilenet_v1_ppn_coco,644.0,6,0.0,0.0,48.56711915535445,6.0,Ground Truth,6
644,ssd_mobilenet_v1_ppn_coco,645.0,7,0.0,0.16666666666666666,48.64253393665158,6.0,Ground Truth,6
645,ssd_mobilenet_v1_ppn_coco,646.0,7,0.0,0.16666666666666666,48.717948717948715,6.0,Ground Truth,6
646,ssd_mobilenet_v1_ppn_coco,647.0,7,0.0,0.16666666666666666,48.79336349924586,6.0,Ground Truth,6
647,ssd_mobilenet_v1_ppn_coco,648.0,6,0.0,0.0,48.86877828054299,6.0,Ground Truth,6
648,ssd_mobilenet_v1_ppn_coco,649.0,6,0.0,0.0,48.944193061840124,6.0,Ground Truth,6
649,ssd_mobilenet_v1_ppn_coco,650.0,5,0.0,0.16666666666666666,49.01960784313726,6.0,Ground Truth,6
650,ssd_mobilenet_v1_ppn_coco,651.0,5,0.0,0.16666666666666666,49.09502262443439,6.0,Ground Truth,6
651,ssd_mobilenet_v1_ppn_coco,652.0,8,0.0,0.3333333333333333,49.170437405731526,6.0,Ground Truth,6
652,ssd_mobilenet_v1_ppn_coco,653.0,7,1.0,0.16666666666666666,49.24585218702866,7.0,Ground Truth,6
653,ssd_mobilenet_v1_ppn_coco,654.0,7,1.0,0.16666666666666666,49.321266968325794,7.0,Ground Truth,6
654,ssd_mobilenet_v1_ppn_coco,655.0,6,1.0,0.0,49.39668174962293,7.0,Ground Truth,6
655,ssd_mobilenet_v1_ppn_coco,656.0,7,1.0,0.16666666666666666,49.47209653092006,7.0,Ground Truth,6
656,ssd_mobilenet_v1_ppn_coco,657.0,9,1.0,0.5,49.547511312217196,7.0,Ground Truth,6
657,ssd_mobilenet_v1_ppn_coco,658.0,8,1.0,0.3333333333333333,49.62292609351433,7.0,Ground Truth,6
658,ssd_mobilenet_v1_ppn_coco,659.0,8,1.0,0.3333333333333333,49.698340874811464,7.0,Ground Truth,6
659,ssd_mobilenet_v1_ppn_coco,660.0,6,0.0,0.14285714285714285,49.7737556561086,7.0,Ground Truth,7
660,ssd_mobilenet_v1_ppn_coco,661.0,6,0.0,0.14285714285714285,49.84917043740573,7.0,Ground Truth,7
661,ssd_mobilenet_v1_ppn_coco,662.0,6,0.0,0.14285714285714285,49.924585218702866,7.0,Ground Truth,7
662,ssd_mobilenet_v1_ppn_coco,663.0,6,0.0,0.14285714285714285,50.0,7.0,Ground Truth,7
663,ssd_mobilenet_v1_ppn_coco,664.0,8,0.0,0.14285714285714285,50.075414781297134,7.0,Ground Truth,7
664,ssd_mobilenet_v1_ppn_coco,665.0,8,0.0,0.14285714285714285,50.15082956259427,7.0,Ground Truth,7
665,ssd_mobilenet_v1_ppn_coco,666.0,7,0.0,0.0,50.2262443438914,7.0,Ground Truth,7
666,ssd_mobilenet_v1_ppn_coco,667.0,9,0.0,0.2857142857142857,50.301659125188536,7.0,Ground Truth,7
667,ssd_mobilenet_v1_ppn_coco,668.0,9,0.0,0.2857142857142857,50.37707390648567,7.0,Ground Truth,7
668,ssd_mobilenet_v1_ppn_coco,669.0,7,0.0,0.0,50.452488687782804,7.0,Ground Truth,7
669,ssd_mobilenet_v1_ppn_coco,670.0,6,0.0,0.14285714285714285,50.52790346907994,7.0,Ground Truth,7
670,ssd_mobilenet_v1_ppn_coco,671.0,6,0.0,0.14285714285714285,50.60331825037707,7.0,Ground Truth,7
671,ssd_mobilenet_v1_ppn_coco,672.0,6,0.0,0.14285714285714285,50.678733031674206,7.0,Ground Truth,7
672,ssd_mobilenet_v1_ppn_coco,673.0,5,0.0,0.2857142857142857,50.75414781297134,7.0,Ground Truth,7
673,ssd_mobilenet_v1_ppn_coco,674.0,8,0.0,0.14285714285714285,50.82956259426848,7.0,Ground Truth,7
674,ssd_mobilenet_v1_ppn_coco,675.0,9,0.0,0.2857142857142857,50.904977375565615,7.0,Ground Truth,7
675,ssd_mobilenet_v1_ppn_coco,676.0,8,0.0,0.14285714285714285,50.98039215686275,7.0,Ground Truth,7
676,ssd_mobilenet_v1_ppn_coco,677.0,7,0.0,0.0,51.05580693815988,7.0,Ground Truth,7
677,ssd_mobilenet_v1_ppn_coco,678.0,8,0.0,0.14285714285714285,51.13122171945702,7.0,Ground Truth,7
678,ssd_mobilenet_v1_ppn_coco,679.0,8,0.0,0.14285714285714285,51.20663650075415,7.0,Ground Truth,7
679,ssd_mobilenet_v1_ppn_coco,680.0,8,0.0,0.14285714285714285,51.282051282051285,7.0,Ground Truth,7
680,ssd_mobilenet_v1_ppn_coco,681.0,8,0.0,0.14285714285714285,51.35746606334842,7.0,Ground Truth,7
681,ssd_mobilenet_v1_ppn_coco,682.0,7,0.0,0.0,51.43288084464555,7.0,Ground Truth,7
682,ssd_mobilenet_v1_ppn_coco,683.0,6,0.0,0.14285714285714285,51.50829562594269,7.0,Ground Truth,7
683,ssd_mobilenet_v1_ppn_coco,684.0,6,0.0,0.14285714285714285,51.58371040723982,7.0,Ground Truth,7
684,ssd_mobilenet_v1_ppn_coco,685.0,5,0.0,0.2857142857142857,51.659125188536954,7.0,Ground Truth,7
685,ssd_mobilenet_v1_ppn_coco,686.0,5,0.0,0.2857142857142857,51.73453996983409,7.0,Ground Truth,7
686,ssd_mobilenet_v1_ppn_coco,687.0,6,0.0,0.14285714285714285,51.80995475113122,7.0,Ground Truth,7
687,ssd_mobilenet_v1_ppn_coco,688.0,8,0.0,0.14285714285714285,51.885369532428356,7.0,Ground Truth,7
688,ssd_mobilenet_v1_ppn_coco,689.0,8,0.0,0.14285714285714285,51.96078431372549,7.0,Ground Truth,7
689,ssd_mobilenet_v1_ppn_coco,690.0,7,0.0,0.0,52.036199095022624,7.0,Ground Truth,7
690,ssd_mobilenet_v1_ppn_coco,691.0,7,0.0,0.0,52.11161387631976,7.0,Ground Truth,7
691,ssd_mobilenet_v1_ppn_coco,692.0,6,0.0,0.14285714285714285,52.18702865761689,7.0,Ground Truth,7
692,ssd_mobilenet_v1_ppn_coco,693.0,7,0.0,0.0,52.262443438914026,7.0,Ground Truth,7
693,ssd_mobilenet_v1_ppn_coco,694.0,5,0.0,0.2857142857142857,52.33785822021116,7.0,Ground Truth,7
694,ssd_mobilenet_v1_ppn_coco,695.0,5,0.0,0.2857142857142857,52.413273001508294,7.0,Ground Truth,7
695,ssd_mobilenet_v1_ppn_coco,696.0,8,0.0,0.14285714285714285,52.48868778280543,7.0,Ground Truth,7
696,ssd_mobilenet_v1_ppn_coco,697.0,6,1.0,0.25,52.56410256410256,7.0,Ground Truth,8
697,ssd_mobilenet_v1_ppn_coco,698.0,5,1.0,0.375,52.639517345399696,7.0,Ground Truth,8
698,ssd_mobilenet_v1_ppn_coco,699.0,6,1.0,0.25,52.71493212669683,7.0,Ground Truth,8
699,ssd_mobilenet_v1_ppn_coco,700.0,6,1.0,0.25,52.79034690799397,7.0,Ground Truth,8
700,ssd_mobilenet_v1_ppn_coco,701.0,8,1.0,0.0,52.865761689291105,7.0,Ground Truth,8
701,ssd_mobilenet_v1_ppn_coco,702.0,6,1.0,0.25,52.94117647058824,7.0,Ground Truth,8
702,ssd_mobilenet_v1_ppn_coco,703.0,7,1.0,0.125,53.01659125188537,7.0,Ground Truth,8
703,ssd_mobilenet_v1_ppn_coco,704.0,7,1.0,0.125,53.09200603318251,7.0,Ground Truth,8
704,ssd_mobilenet_v1_ppn_coco,705.0,9,1.0,0.125,53.16742081447964,7.0,Ground Truth,8
705,ssd_mobilenet_v1_ppn_coco,706.0,9,1.0,0.125,53.242835595776775,7.0,Ground Truth,8
706,ssd_mobilenet_v1_ppn_coco,707.0,8,1.0,0.0,53.31825037707391,7.0,Ground Truth,8
707,ssd_mobilenet_v1_ppn_coco,708.0,8,1.0,0.0,53.39366515837104,7.0,Ground Truth,8
708,ssd_mobilenet_v1_ppn_coco,709.0,5,1.0,0.375,53.46907993966818,7.0,Ground Truth,8
709,ssd_mobilenet_v1_ppn_coco,710.0,8,1.0,0.0,53.54449472096531,7.0,Ground Truth,8
710,ssd_mobilenet_v1_ppn_coco,711.0,9,1.0,0.125,53.619909502262445,7.0,Ground Truth,8
711,ssd_mobilenet_v1_ppn_coco,712.0,8,1.0,0.0,53.69532428355958,7.0,Ground Truth,8
712,ssd_mobilenet_v1_ppn_coco,713.0,7,0.0,0.125,53.77073906485671,8.0,Ground Truth,8
713,ssd_mobilenet_v1_ppn_coco,714.0,8,0.0,0.0,53.84615384615385,8.0,Ground Truth,8
714,ssd_mobilenet_v1_ppn_coco,715.0,7,0.0,0.125,53.92156862745098,8.0,Ground Truth,8
715,ssd_mobilenet_v1_ppn_coco,716.0,9,0.0,0.125,53.996983408748115,8.0,Ground Truth,8
716,ssd_mobilenet_v1_ppn_coco,717.0,9,0.0,0.125,54.07239819004525,8.0,Ground Truth,8
717,ssd_mobilenet_v1_ppn_coco,718.0,9,0.0,0.125,54.14781297134238,8.0,Ground Truth,8
718,ssd_mobilenet_v1_ppn_coco,719.0,10,0.0,0.25,54.22322775263952,8.0,Ground Truth,8
719,ssd_mobilenet_v1_ppn_coco,720.0,10,0.0,0.25,54.29864253393665,8.0,Ground Truth,8
720,ssd_mobilenet_v1_ppn_coco,721.0,11,0.0,0.375,54.374057315233784,8.0,Ground Truth,8
721,ssd_mobilenet_v1_ppn_coco,722.0,8,0.0,0.0,54.44947209653092,8.0,Ground Truth,8
722,ssd_mobilenet_v1_ppn_coco,723.0,8,0.0,0.0,54.52488687782805,8.0,Ground Truth,8
723,ssd_mobilenet_v1_ppn_coco,724.0,6,0.0,0.25,54.600301659125186,8.0,Ground Truth,8
724,ssd_mobilenet_v1_ppn_coco,725.0,6,0.0,0.25,54.67571644042232,8.0,Ground Truth,8
725,ssd_mobilenet_v1_ppn_coco,726.0,6,0.0,0.25,54.751131221719454,8.0,Ground Truth,8
726,ssd_mobilenet_v1_ppn_coco,727.0,6,1.0,0.25,54.826546003016595,7.0,Ground Truth,8
727,ssd_mobilenet_v1_ppn_coco,728.0,5,1.0,0.375,54.90196078431373,7.0,Ground Truth,8
728,ssd_mobilenet_v1_ppn_coco,729.0,5,1.0,0.375,54.97737556561086,7.0,Ground Truth,8
729,ssd_mobilenet_v1_ppn_coco,730.0,7,1.0,0.125,55.052790346908,7.0,Ground Truth,8
730,ssd_mobilenet_v1_ppn_coco,731.0,7,1.0,0.125,55.12820512820513,7.0,Ground Truth,8
731,ssd_mobilenet_v1_ppn_coco,732.0,8,1.0,0.0,55.203619909502265,7.0,Ground Truth,8
732,ssd_mobilenet_v1_ppn_coco,733.0,9,1.0,0.125,55.2790346907994,7.0,Ground Truth,8
733,ssd_mobilenet_v1_ppn_coco,734.0,8,1.0,0.0,55.35444947209653,7.0,Ground Truth,8
734,ssd_mobilenet_v1_ppn_coco,735.0,8,1.0,0.0,55.42986425339367,7.0,Ground Truth,8
735,ssd_mobilenet_v1_ppn_coco,736.0,7,1.0,0.125,55.5052790346908,7.0,Ground Truth,8
736,ssd_mobilenet_v1_ppn_coco,737.0,7,1.0,0.125,55.580693815987935,7.0,Ground Truth,8
737,ssd_mobilenet_v1_ppn_coco,738.0,8,1.0,0.0,55.65610859728507,7.0,Ground Truth,8
738,ssd_mobilenet_v1_ppn_coco,739.0,6,1.0,0.25,55.7315233785822,7.0,Ground Truth,8
739,ssd_mobilenet_v1_ppn_coco,740.0,7,1.0,0.125,55.80693815987934,7.0,Ground Truth,8
740,ssd_mobilenet_v1_ppn_coco,741.0,8,1.0,0.0,55.88235294117647,7.0,Ground Truth,8
741,ssd_mobilenet_v1_ppn_coco,742.0,9,1.0,0.125,55.957767722473605,7.0,Ground Truth,8
742,ssd_mobilenet_v1_ppn_coco,743.0,9,0.0,0.2857142857142857,56.03318250377074,7.0,Ground Truth,7
743,ssd_mobilenet_v1_ppn_coco,744.0,8,0.0,0.14285714285714285,56.10859728506787,7.0,Ground Truth,7
744,ssd_mobilenet_v1_ppn_coco,745.0,8,0.0,0.14285714285714285,56.18401206636501,7.0,Ground Truth,7
745,ssd_mobilenet_v1_ppn_coco,746.0,7,0.0,0.0,56.25942684766214,7.0,Ground Truth,7
746,ssd_mobilenet_v1_ppn_coco,747.0,6,0.0,0.14285714285714285,56.334841628959275,7.0,Ground Truth,7
747,ssd_mobilenet_v1_ppn_coco,748.0,7,0.0,0.0,56.41025641025641,7.0,Ground Truth,7
748,ssd_mobilenet_v1_ppn_coco,749.0,6,0.0,0.14285714285714285,56.48567119155354,7.0,Ground Truth,7
749,ssd_mobilenet_v1_ppn_coco,750.0,7,0.0,0.0,56.56108597285068,7.0,Ground Truth,7
750,ssd_mobilenet_v1_ppn_coco,751.0,6,0.0,0.14285714285714285,56.63650075414781,7.0,Ground Truth,7
751,ssd_mobilenet_v1_ppn_coco,752.0,8,0.0,0.14285714285714285,56.711915535444945,7.0,Ground Truth,7
752,ssd_mobilenet_v1_ppn_coco,753.0,7,0.0,0.0,56.787330316742086,7.0,Ground Truth,7
753,ssd_mobilenet_v1_ppn_coco,754.0,7,0.0,0.0,56.86274509803922,7.0,Ground Truth,7
754,ssd_mobilenet_v1_ppn_coco,755.0,7,0.0,0.0,56.938159879336354,7.0,Ground Truth,7
755,ssd_mobilenet_v1_ppn_coco,756.0,8,0.0,0.14285714285714285,57.01357466063349,7.0,Ground Truth,7
756,ssd_mobilenet_v1_ppn_coco,757.0,8,0.0,0.14285714285714285,57.08898944193062,7.0,Ground Truth,7
757,ssd_mobilenet_v1_ppn_coco,758.0,7,0.0,0.0,57.164404223227756,7.0,Ground Truth,7
758,ssd_mobilenet_v1_ppn_coco,759.0,6,0.0,0.14285714285714285,57.23981900452489,7.0,Ground Truth,7
759,ssd_mobilenet_v1_ppn_coco,760.0,5,0.0,0.2857142857142857,57.31523378582202,7.0,Ground Truth,7
760,ssd_mobilenet_v1_ppn_coco,761.0,5,0.0,0.2857142857142857,57.39064856711916,7.0,Ground Truth,7
761,ssd_mobilenet_v1_ppn_coco,762.0,6,0.0,0.14285714285714285,57.46606334841629,7.0,Ground Truth,7
762,ssd_mobilenet_v1_ppn_coco,763.0,5,0.0,0.2857142857142857,57.541478129713425,7.0,Ground Truth,7
763,ssd_mobilenet_v1_ppn_coco,764.0,6,0.0,0.14285714285714285,57.61689291101056,7.0,Ground Truth,7
764,ssd_mobilenet_v1_ppn_coco,765.0,6,0.0,0.14285714285714285,57.69230769230769,7.0,Ground Truth,7
765,ssd_mobilenet_v1_ppn_coco,766.0,5,0.0,0.2857142857142857,57.76772247360483,7.0,Ground Truth,7
766,ssd_mobilenet_v1_ppn_coco,767.0,4,0.0,0.42857142857142855,57.84313725490196,7.0,Ground Truth,7
767,ssd_mobilenet_v1_ppn_coco,768.0,4,0.0,0.42857142857142855,57.918552036199095,7.0,Ground Truth,7
768,ssd_mobilenet_v1_ppn_coco,769.0,6,0.0,0.14285714285714285,57.99396681749623,7.0,Ground Truth,7
769,ssd_mobilenet_v1_ppn_coco,770.0,7,0.0,0.0,58.06938159879336,7.0,Ground Truth,7
770,ssd_mobilenet_v1_ppn_coco,771.0,6,0.0,0.14285714285714285,58.1447963800905,7.0,Ground Truth,7
771,ssd_mobilenet_v1_ppn_coco,772.0,7,0.0,0.0,58.22021116138763,7.0,Ground Truth,7
772,ssd_mobilenet_v1_ppn_coco,773.0,10,0.0,0.42857142857142855,58.295625942684765,7.0,Ground Truth,7
773,ssd_mobilenet_v1_ppn_coco,774.0,10,0.0,0.42857142857142855,58.3710407239819,7.0,Ground Truth,7
774,ssd_mobilenet_v1_ppn_coco,775.0,9,0.0,0.2857142857142857,58.44645550527903,7.0,Ground Truth,7
775,ssd_mobilenet_v1_ppn_coco,776.0,8,0.0,0.14285714285714285,58.52187028657617,7.0,Ground Truth,7
776,ssd_mobilenet_v1_ppn_coco,777.0,7,0.0,0.0,58.5972850678733,7.0,Ground Truth,7
777,ssd_mobilenet_v1_ppn_coco,778.0,7,0.0,0.0,58.672699849170435,7.0,Ground Truth,7
778,ssd_mobilenet_v1_ppn_coco,779.0,7,0.0,0.0,58.748114630467576,7.0,Ground Truth,7
779,ssd_mobilenet_v1_ppn_coco,780.0,6,0.0,0.14285714285714285,58.82352941176471,7.0,Ground Truth,7
780,ssd_mobilenet_v1_ppn_coco,781.0,5,0.0,0.2857142857142857,58.898944193061844,7.0,Ground Truth,7
781,ssd_mobilenet_v1_ppn_coco,782.0,6,0.0,0.14285714285714285,58.97435897435898,7.0,Ground Truth,7
782,ssd_mobilenet_v1_ppn_coco,783.0,6,0.0,0.14285714285714285,59.04977375565611,7.0,Ground Truth,7
783,ssd_mobilenet_v1_ppn_coco,784.0,8,0.0,0.14285714285714285,59.125188536953246,7.0,Ground Truth,7
784,ssd_mobilenet_v1_ppn_coco,785.0,7,0.0,0.0,59.20060331825038,7.0,Ground Truth,7
785,ssd_mobilenet_v1_ppn_coco,786.0,8,0.0,0.14285714285714285,59.276018099547514,7.0,Ground Truth,7
786,ssd_mobilenet_v1_ppn_coco,787.0,5,0.0,0.2857142857142857,59.35143288084465,7.0,Ground Truth,7
787,ssd_mobilenet_v1_ppn_coco,788.0,7,0.0,0.0,59.42684766214178,7.0,Ground Truth,7
788,ssd_mobilenet_v1_ppn_coco,789.0,9,0.0,0.2857142857142857,59.502262443438916,7.0,Ground Truth,7
789,ssd_mobilenet_v1_ppn_coco,790.0,8,0.0,0.14285714285714285,59.57767722473605,7.0,Ground Truth,7
790,ssd_mobilenet_v1_ppn_coco,791.0,7,0.0,0.0,59.653092006033184,7.0,Ground Truth,7
791,ssd_mobilenet_v1_ppn_coco,792.0,8,0.0,0.14285714285714285,59.72850678733032,7.0,Ground Truth,7
792,ssd_mobilenet_v1_ppn_coco,793.0,6,0.0,0.14285714285714285,59.80392156862745,7.0,Ground Truth,7
793,ssd_mobilenet_v1_ppn_coco,794.0,5,0.0,0.2857142857142857,59.879336349924586,7.0,Ground Truth,7
794,ssd_mobilenet_v1_ppn_coco,795.0,6,0.0,0.14285714285714285,59.95475113122172,7.0,Ground Truth,7
